timestamp,traffic,cpu_usage,memory_usage,active_servers,cloud_cost
2026-02-13 08:01:51.863857,16,15.52,6.52,1,0.1
2026-02-13 09:01:51.863857,98,77.93,54.16,4,0.4
2026-02-13 10:01:51.863857,95,73.59,57.82,5,0.5
2026-02-13 11:01:51.863857,137,100.0,89.89,6,0.6
2026-02-13 12:01:51.863857,84,62.14,51.97,6,0.6
2026-02-13 13:01:51.863857,62,46.97,46.76,4,0.4
2026-02-13 14:01:51.863857,63,40.27,43.4,4,0.4
2026-02-13 15:01:51.863857,61,43.69,35.79,3,0.3
2026-02-13 16:01:51.863857,100,74.03,57.95,6,0.6
2026-02-13 17:01:51.863857,65,49.69,39.33,4,0.4
2026-02-13 18:01:51.863857,85,71.49,50.14,6,0.6
2026-02-13 19:01:51.863857,25,23.93,28.28,2,0.2
2026-02-13 20:01:51.863857,17,14.92,18.41,1,0.1
2026-02-13 21:01:51.863857,34,21.55,21.07,3,0.3
2026-02-13 22:01:51.863857,22,20.51,17.64,3,0.3
2026-02-13 23:01:51.863857,12,8.56,4.08,1,0.1
2026-02-14 00:01:51.863857,63,45.92,37.24,5,0.5
2026-02-14 01:01:51.863857,81,68.86,55.38,6,0.6
2026-02-14 02:01:51.863857,32,20.93,23.12,2,0.2
2026-02-14 03:01:51.863857,62,47.61,36.9,3,0.3
2026-02-14 04:01:51.863857,54,52.17,35.3,2,0.2
2026-02-14 05:01:51.863857,58,42.45,38.52,4,0.4
2026-02-14 06:01:51.863857,74,63.78,46.04,4,0.4
2026-02-14 07:01:51.863857,69,53.56,37.09,4,0.4
2026-02-14 08:01:51.863857,30,30.37,16.54,1,0.1
2026-02-14 09:01:51.863857,88,63.85,67.52,4,0.4
2026-02-14 10:01:51.863857,117,95.11,62.91,5,0.5
2026-02-14 11:01:51.863857,120,92.21,74.29,6,0.6
2026-02-14 12:01:51.863857,82,65.2,47.99,4,0.4
2026-02-14 13:01:51.863857,127,100.0,76.16,8,0.8
2026-02-14 14:01:51.863857,105,87.96,58.45,5,0.5
2026-02-14 15:01:51.863857,118,96.96,73.52,5,0.5
2026-02-14 16:01:51.863857,139,100.0,79.99,7,0.7
2026-02-14 17:01:51.863857,100,82.14,47.65,5,0.5
2026-02-14 18:01:51.863857,117,94.63,62.98,6,0.6
2026-02-14 19:01:51.863857,38,31.54,29.34,1,0.1
2026-02-14 20:01:51.863857,31,17.6,24.55,3,0.3
2026-02-14 21:01:51.863857,63,48.97,43.13,3,0.3
2026-02-14 22:01:51.863857,72,59.07,39.63,3,0.3
2026-02-14 23:01:51.863857,60,53.25,42.63,3,0.3
2026-02-15 00:01:51.863857,66,58.59,35.5,5,0.5
2026-02-15 01:01:51.863857,48,41.57,44.11,3,0.3
2026-02-15 02:01:51.863857,73,58.01,45.51,4,0.4
2026-02-15 03:01:51.863857,63,56.9,31.08,5,0.5
2026-02-15 04:01:51.863857,34,41.12,20.24,1,0.1
2026-02-15 05:01:51.863857,57,44.98,37.9,2,0.2
2026-02-15 06:01:51.863857,59,42.97,27.83,4,0.4
2026-02-15 07:01:51.863857,32,29.15,19.66,2,0.2
2026-02-15 08:01:51.863857,39,34.38,18.0,3,0.3
2026-02-15 09:01:51.863857,107,90.01,61.95,5,0.5
2026-02-15 10:01:51.863857,146,100.0,85.05,7,0.7
2026-02-15 11:01:51.863857,110,85.22,65.36,7,0.7
2026-02-15 12:01:51.863857,116,93.63,65.32,6,0.6
2026-02-15 13:01:51.863857,129,100.0,69.34,7,0.7
2026-02-15 14:01:51.863857,99,79.52,54.01,4,0.4
2026-02-15 15:01:51.863857,90,72.23,50.74,6,0.6
2026-02-15 16:01:51.863857,136,100.0,71.65,7,0.7
2026-02-15 17:01:51.863857,109,86.52,61.43,5,0.5
2026-02-15 18:01:51.863857,105,76.26,61.28,6,0.6
2026-02-15 19:01:51.863857,69,57.09,49.66,4,0.4
2026-02-15 20:01:51.863857,125,100.0,71.46,6,0.6
2026-02-15 21:01:51.863857,71,55.4,39.58,4,0.4
2026-02-15 22:01:51.863857,53,42.3,27.14,4,0.4
2026-02-15 23:01:51.863857,33,24.3,20.5,2,0.2
2026-02-16 00:01:51.863857,14,11.21,12.18,1,0.1
2026-02-16 01:01:51.863857,22,18.6,10.2,1,0.1
2026-02-16 02:01:51.863857,37,30.17,25.51,2,0.2
2026-02-16 03:01:51.863857,12,20.27,-2.56,1,0.1
2026-02-16 04:01:51.863857,21,18.2,9.49,1,0.1
2026-02-16 05:01:51.863857,35,25.05,25.25,2,0.2
2026-02-16 06:01:51.863857,30,26.24,17.61,2,0.2
2026-02-16 07:01:51.863857,14,2.26,2.3,2,0.2
2026-02-16 08:01:51.863857,33,18.73,21.62,3,0.3
2026-02-16 09:01:51.863857,72,54.47,36.49,3,0.3
2026-02-16 10:01:51.863857,79,66.61,45.85,3,0.3
2026-02-16 11:01:51.863857,133,100.0,76.73,7,0.7
2026-02-16 12:01:51.863857,90,81.56,59.33,4,0.4
2026-02-16 13:01:51.863857,64,57.22,32.42,3,0.3
2026-02-16 14:01:51.863857,82,74.67,51.22,6,0.6
2026-02-16 15:01:51.863857,71,57.25,43.01,4,0.4
2026-02-16 16:01:51.863857,66,50.27,32.82,5,0.5
2026-02-16 17:01:51.863857,61,41.56,29.56,3,0.3
2026-02-16 18:01:51.863857,66,49.48,46.4,5,0.5
2026-02-16 19:01:51.863857,28,12.21,24.65,2,0.2
2026-02-16 20:01:51.863857,28,20.89,16.78,2,0.2
2026-02-16 21:01:51.863857,35,31.24,23.68,3,0.3
2026-02-16 22:01:51.863857,10,5.3,-1.1,1,0.1
2026-02-16 23:01:51.863857,34,28.32,20.46,1,0.1
2026-02-17 00:01:51.863857,13,10.52,10.29,1,0.1
2026-02-17 01:01:51.863857,26,31.57,11.76,2,0.2
2026-02-17 02:01:51.863857,12,20.55,3.16,1,0.1
2026-02-17 03:01:51.863857,37,22.84,19.41,1,0.1
2026-02-17 04:01:51.863857,18,11.93,10.55,1,0.1
2026-02-17 05:01:51.863857,10,0.43,9.4,1,0.1
2026-02-17 06:01:51.863857,23,17.79,17.04,1,0.1
2026-02-17 07:01:51.863857,24,13.04,15.35,1,0.1
2026-02-17 08:01:51.863857,31,16.23,25.37,2,0.2
2026-02-17 09:01:51.863857,86,69.89,49.18,4,0.4
2026-02-17 10:01:51.863857,90,72.83,58.04,4,0.4
2026-02-17 11:01:51.863857,96,70.05,54.41,4,0.4
2026-02-17 12:01:51.863857,60,41.16,38.68,3,0.3
2026-02-17 13:01:51.863857,99,75.06,57.88,5,0.5
2026-02-17 14:01:51.863857,93,71.81,60.26,4,0.4
2026-02-17 15:01:51.863857,64,53.27,45.11,5,0.5
2026-02-17 16:01:51.863857,82,73.05,53.59,6,0.6
2026-02-17 17:01:51.863857,98,69.75,66.02,6,0.6
2026-02-17 18:01:51.863857,93,81.91,56.17,5,0.5
2026-02-17 19:01:51.863857,32,30.44,22.43,2,0.2
2026-02-17 20:01:51.863857,33,27.04,17.39,2,0.2
2026-02-17 21:01:51.863857,22,8.5,17.77,3,0.3
2026-02-17 22:01:51.863857,34,18.38,27.9,1,0.1
2026-02-17 23:01:51.863857,12,11.94,7.28,1,0.1
2026-02-18 00:01:51.863857,35,25.48,26.23,2,0.2
2026-02-18 01:01:51.863857,63,49.86,32.62,4,0.4
2026-02-18 02:01:51.863857,23,28.22,13.98,1,0.1
2026-02-18 03:01:51.863857,35,24.5,22.07,2,0.2
2026-02-18 04:01:51.863857,20,15.44,10.9,1,0.1
2026-02-18 05:01:51.863857,17,10.95,7.32,2,0.2
2026-02-18 06:01:51.863857,33,18.82,26.63,2,0.2
2026-02-18 07:01:51.863857,22,21.93,15.56,3,0.3
2026-02-18 08:01:51.863857,61,56.42,24.32,5,0.5
2026-02-18 09:01:51.863857,84,68.5,43.94,4,0.4
2026-02-18 10:01:51.863857,98,70.6,59.83,4,0.4
2026-02-18 11:01:51.863857,79,69.92,40.86,4,0.4
2026-02-18 12:01:51.863857,95,83.62,59.69,4,0.4
2026-02-18 13:01:51.863857,78,65.96,45.35,4,0.4
2026-02-18 14:01:51.863857,65,50.19,37.81,4,0.4
2026-02-18 15:01:51.863857,65,50.09,36.93,4,0.4
2026-02-18 16:01:51.863857,89,58.69,56.82,6,0.6
2026-02-18 17:01:51.863857,65,49.12,42.78,4,0.4
2026-02-18 18:01:51.863857,61,40.45,39.32,3,0.3
2026-02-18 19:01:51.863857,15,7.45,12.19,1,0.1
2026-02-18 20:01:51.863857,21,9.18,16.59,1,0.1
2026-02-18 21:01:51.863857,39,45.12,15.34,1,0.1
2026-02-18 22:01:51.863857,15,8.99,12.8,1,0.1
2026-02-18 23:01:51.863857,18,10.78,22.97,2,0.2
2026-02-19 00:01:51.863857,12,10.45,7.65,2,0.2
2026-02-19 01:01:51.863857,12,12.5,9.69,1,0.1
2026-02-19 02:01:51.863857,23,16.19,16.09,3,0.3
2026-02-19 03:01:51.863857,36,27.43,24.64,2,0.2
2026-02-19 04:01:51.863857,34,36.06,18.41,3,0.3
2026-02-19 05:01:51.863857,38,30.49,31.18,1,0.1
2026-02-19 06:01:51.863857,26,24.95,4.54,3,0.3
2026-02-19 07:01:51.863857,16,13.63,12.44,1,0.1
2026-02-19 08:01:51.863857,29,26.36,28.75,3,0.3
2026-02-19 09:01:51.863857,86,66.5,47.35,4,0.4
2026-02-19 10:01:51.863857,86,69.16,49.21,5,0.5
2026-02-19 11:01:51.863857,64,56.39,35.85,5,0.5
2026-02-19 12:01:51.863857,95,76.28,69.53,4,0.4
2026-02-19 13:01:51.863857,88,75.22,57.67,6,0.6
2026-02-19 14:01:51.863857,95,72.13,50.78,6,0.6
2026-02-19 15:01:51.863857,69,53.17,34.14,4,0.4
2026-02-19 16:01:51.863857,71,61.14,37.92,5,0.5
2026-02-19 17:01:51.863857,71,53.79,49.11,3,0.3
2026-02-19 18:01:51.863857,88,68.75,50.45,5,0.5
2026-02-19 19:01:51.863857,23,16.03,18.56,2,0.2
2026-02-19 20:01:51.863857,32,17.68,26.28,1,0.1
2026-02-19 21:01:51.863857,18,16.78,17.39,2,0.2
2026-02-19 22:01:51.863857,29,22.05,20.54,2,0.2
2026-02-19 23:01:51.863857,36,21.29,20.3,3,0.3
2026-02-20 00:01:51.863857,28,16.43,18.19,1,0.1
2026-02-20 01:01:51.863857,33,22.81,24.33,2,0.2
2026-02-20 02:01:51.863857,37,31.83,22.27,1,0.1
2026-02-20 03:01:51.863857,26,21.35,21.25,1,0.1
2026-02-20 04:01:51.863857,16,12.87,9.48,2,0.2
2026-02-20 05:01:51.863857,33,23.53,17.07,1,0.1
2026-02-20 06:01:51.863857,38,26.84,23.33,2,0.2
2026-02-20 07:01:51.863857,28,9.15,22.26,2,0.2
2026-02-20 08:01:51.863857,39,29.49,21.54,1,0.1
2026-02-20 09:01:51.863857,98,80.97,57.33,5,0.5
2026-02-20 10:01:51.863857,139,100.0,72.53,8,0.8
2026-02-20 11:01:51.863857,83,79.26,50.55,4,0.4
2026-02-20 12:01:51.863857,96,70.69,61.16,5,0.5
2026-02-20 13:01:51.863857,94,78.75,58.62,6,0.6
2026-02-20 14:01:51.863857,75,54.59,48.08,5,0.5
2026-02-20 15:01:51.863857,103,85.84,64.13,5,0.5
2026-02-20 16:01:51.863857,78,67.02,45.88,5,0.5
2026-02-20 17:01:51.863857,64,47.68,31.36,5,0.5
2026-02-20 18:01:51.863857,71,62.73,39.25,3,0.3
2026-02-20 19:01:51.863857,11,7.02,7.89,1,0.1
2026-02-20 20:01:51.863857,33,19.73,19.19,2,0.2
2026-02-20 21:01:51.863857,28,26.75,22.09,1,0.1
2026-02-20 22:01:51.863857,16,7.8,18.87,1,0.1
2026-02-20 23:01:51.863857,35,33.52,26.76,2,0.2
2026-02-21 00:01:51.863857,67,49.8,40.18,3,0.3
2026-02-21 01:01:51.863857,59,48.48,40.31,2,0.2
2026-02-21 02:01:51.863857,74,58.41,48.43,4,0.4
2026-02-21 03:01:51.863857,88,71.33,49.02,5,0.5
2026-02-21 04:01:51.863857,78,66.52,46.18,5,0.5
2026-02-21 05:01:51.863857,43,44.81,24.28,3,0.3
2026-02-21 06:01:51.863857,55,45.49,24.4,4,0.4
2026-02-21 07:01:51.863857,51,53.6,30.12,3,0.3
2026-02-21 08:01:51.863857,63,44.06,31.15,3,0.3
2026-02-21 09:01:51.863857,132,97.81,77.2,8,0.8
2026-02-21 10:01:51.863857,127,100.0,68.35,8,0.8
2026-02-21 11:01:51.863857,127,100.0,85.93,7,0.7
2026-02-21 12:01:51.863857,118,100.0,74.25,5,0.5
2026-02-21 13:01:51.863857,100,81.34,63.67,7,0.7
2026-02-21 14:01:51.863857,113,94.49,68.47,6,0.6
2026-02-21 15:01:51.863857,114,90.24,67.63,7,0.7
2026-02-21 16:01:51.863857,130,100.0,78.15,7,0.7
2026-02-21 17:01:51.863857,134,100.0,70.34,6,0.6
2026-02-21 18:01:51.863857,115,98.28,64.53,7,0.7
2026-02-21 19:01:51.863857,67,50.35,45.42,4,0.4
2026-02-21 20:01:51.863857,45,34.91,31.98,4,0.4
2026-02-21 21:01:51.863857,72,61.17,43.44,5,0.5
2026-02-21 22:01:51.863857,110,85.41,73.05,5,0.5
2026-02-21 23:01:51.863857,65,48.61,31.39,4,0.4
2026-02-22 00:01:51.863857,60,38.69,34.5,4,0.4
2026-02-22 01:01:51.863857,50,39.83,31.17,2,0.2
2026-02-22 02:01:51.863857,77,64.42,38.54,5,0.5
2026-02-22 03:01:51.863857,66,52.31,39.87,3,0.3
2026-02-22 04:01:51.863857,71,54.72,42.08,4,0.4
2026-02-22 05:01:51.863857,55,51.1,30.15,3,0.3
2026-02-22 06:01:51.863857,69,66.38,38.07,3,0.3
2026-02-22 07:01:51.863857,68,50.2,41.62,3,0.3
2026-02-22 08:01:51.863857,55,40.98,32.85,3,0.3
2026-02-22 09:01:51.863857,100,83.29,70.05,7,0.7
2026-02-22 10:01:51.863857,136,100.0,78.45,6,0.6
2026-02-22 11:01:51.863857,119,95.12,77.34,6,0.6
2026-02-22 12:01:51.863857,126,100.0,69.94,8,0.8
2026-02-22 13:01:51.863857,104,88.71,62.72,5,0.5
2026-02-22 14:01:51.863857,102,76.96,64.17,5,0.5
2026-02-22 15:01:51.863857,183,100.0,100.0,11,1.1
2026-02-22 16:01:51.863857,100,75.95,64.31,6,0.6
2026-02-22 17:01:51.863857,123,98.52,74.25,8,0.8
2026-02-22 18:01:51.863857,194,100.0,100.0,11,1.1
2026-02-22 19:01:51.863857,47,43.64,20.99,3,0.3
2026-02-22 20:01:51.863857,62,52.19,34.08,5,0.5
2026-02-22 21:01:51.863857,57,36.55,39.03,3,0.3
2026-02-22 22:01:51.863857,79,73.3,43.7,3,0.3
2026-02-22 23:01:51.863857,47,35.35,33.83,4,0.4
2026-02-23 00:01:51.863857,20,7.5,9.97,1,0.1
2026-02-23 01:01:51.863857,13,4.25,6.91,2,0.2
2026-02-23 02:01:51.863857,38,36.01,29.35,3,0.3
2026-02-23 03:01:51.863857,12,8.49,1.47,1,0.1
2026-02-23 04:01:51.863857,24,13.06,22.7,1,0.1
2026-02-23 05:01:51.863857,14,15.69,7.37,2,0.2
2026-02-23 06:01:51.863857,11,9.17,5.45,1,0.1
2026-02-23 07:01:51.863857,24,13.12,15.17,1,0.1
2026-02-23 08:01:51.863857,26,20.01,9.67,2,0.2
2026-02-23 09:01:51.863857,66,53.78,43.15,4,0.4
2026-02-23 10:01:51.863857,74,55.82,53.4,4,0.4
2026-02-23 11:01:51.863857,81,69.0,45.34,6,0.6
2026-02-23 12:01:51.863857,72,67.41,41.27,4,0.4
2026-02-23 13:01:51.863857,90,78.08,57.71,5,0.5
2026-02-23 14:01:51.863857,67,50.5,42.38,3,0.3
2026-02-23 15:01:51.863857,132,100.0,73.47,7,0.7
2026-02-23 16:01:51.863857,92,72.36,51.79,4,0.4
2026-02-23 17:01:51.863857,72,52.59,41.79,5,0.5
2026-02-23 18:01:51.863857,85,65.14,53.86,6,0.6
2026-02-23 19:01:51.863857,21,23.8,17.22,2,0.2
2026-02-23 20:01:51.863857,18,14.7,7.57,1,0.1
2026-02-23 21:01:51.863857,21,21.28,15.78,2,0.2
2026-02-23 22:01:51.863857,24,25.79,15.39,2,0.2
2026-02-23 23:01:51.863857,45,32.74,24.58,2,0.2
2026-02-24 00:01:51.863857,28,25.01,13.93,3,0.3
2026-02-24 01:01:51.863857,28,24.93,6.81,3,0.3
2026-02-24 02:01:51.863857,12,2.75,4.83,1,0.1
2026-02-24 03:01:51.863857,24,24.66,13.85,3,0.3
2026-02-24 04:01:51.863857,35,18.68,16.49,2,0.2
2026-02-24 05:01:51.863857,29,27.96,32.13,1,0.1
2026-02-24 06:01:51.863857,66,58.19,39.41,4,0.4
2026-02-24 07:01:51.863857,13,13.66,-0.08,1,0.1
2026-02-24 08:01:51.863857,38,37.78,29.7,3,0.3
2026-02-24 09:01:51.863857,92,76.07,56.5,6,0.6
2026-02-24 10:01:51.863857,73,60.02,42.34,3,0.3
2026-02-24 11:01:51.863857,73,64.14,35.1,4,0.4
2026-02-24 12:01:51.863857,76,54.33,51.4,3,0.3
2026-02-24 13:01:51.863857,82,65.98,42.79,5,0.5
2026-02-24 14:01:51.863857,71,49.02,40.46,5,0.5
2026-02-24 15:01:51.863857,71,55.06,40.85,3,0.3
2026-02-24 16:01:51.863857,96,84.27,58.49,6,0.6
2026-02-24 17:01:51.863857,74,56.62,44.62,4,0.4
2026-02-24 18:01:51.863857,61,42.61,39.75,3,0.3
2026-02-24 19:01:51.863857,30,24.95,13.53,2,0.2
2026-02-24 20:01:51.863857,29,23.9,19.66,1,0.1
2026-02-24 21:01:51.863857,16,2.3,24.29,1,0.1
2026-02-24 22:01:51.863857,29,23.52,18.0,2,0.2
2026-02-24 23:01:51.863857,30,20.88,27.57,1,0.1
2026-02-25 00:01:51.863857,24,23.55,16.88,2,0.2
2026-02-25 01:01:51.863857,20,28.02,11.71,3,0.3
2026-02-25 02:01:51.863857,17,14.59,8.9,1,0.1
2026-02-25 03:01:51.863857,10,2.55,14.16,1,0.1
2026-02-25 04:01:51.863857,18,19.43,9.54,1,0.1
2026-02-25 05:01:51.863857,30,26.82,19.78,1,0.1
2026-02-25 06:01:51.863857,15,17.23,11.85,1,0.1
2026-02-25 07:01:51.863857,22,24.05,11.89,2,0.2
2026-02-25 08:01:51.863857,31,30.35,11.29,2,0.2
2026-02-25 09:01:51.863857,66,57.17,28.82,3,0.3
2026-02-25 10:01:51.863857,91,81.01,59.65,5,0.5
2026-02-25 11:01:51.863857,61,53.71,34.98,4,0.4
2026-02-25 12:01:51.863857,65,52.45,33.09,5,0.5
2026-02-25 13:01:51.863857,95,79.4,59.88,5,0.5
2026-02-25 14:01:51.863857,80,62.74,49.96,6,0.6
2026-02-25 15:01:51.863857,74,52.21,43.92,4,0.4
2026-02-25 16:01:51.863857,63,45.46,32.28,5,0.5
2026-02-25 17:01:51.863857,87,74.19,44.35,5,0.5
2026-02-25 18:01:51.863857,61,43.89,35.48,5,0.5
2026-02-25 19:01:51.863857,16,13.33,2.93,2,0.2
2026-02-25 20:01:51.863857,33,22.29,19.05,2,0.2
2026-02-25 21:01:51.863857,10,2.99,6.34,1,0.1
2026-02-25 22:01:51.863857,32,38.33,21.27,2,0.2
2026-02-25 23:01:51.863857,18,12.09,5.39,1,0.1
2026-02-26 00:01:51.863857,17,5.51,12.08,1,0.1
2026-02-26 01:01:51.863857,33,35.5,15.66,2,0.2
2026-02-26 02:01:51.863857,28,33.51,10.61,3,0.3
2026-02-26 03:01:51.863857,26,19.03,17.87,1,0.1
2026-02-26 04:01:51.863857,65,48.5,35.79,5,0.5
2026-02-26 05:01:51.863857,19,12.46,12.22,1,0.1
2026-02-26 06:01:51.863857,11,17.16,11.21,1,0.1
2026-02-26 07:01:51.863857,31,30.01,16.0,2,0.2
2026-02-26 08:01:51.863857,15,10.1,7.98,1,0.1
2026-02-26 09:01:51.863857,92,65.16,48.93,5,0.5
2026-02-26 10:01:51.863857,98,74.6,58.97,4,0.4
2026-02-26 11:01:51.863857,86,71.96,43.82,6,0.6
2026-02-26 12:01:51.863857,62,48.88,34.56,4,0.4
2026-02-26 13:01:51.863857,76,51.04,42.46,4,0.4
2026-02-26 14:01:51.863857,95,82.56,60.47,6,0.6
2026-02-26 15:01:51.863857,75,66.25,43.5,3,0.3
2026-02-26 16:01:51.863857,75,57.33,37.96,4,0.4
2026-02-26 17:01:51.863857,64,47.43,42.35,4,0.4
2026-02-26 18:01:51.863857,80,68.07,44.57,4,0.4
2026-02-26 19:01:51.863857,30,27.54,22.78,2,0.2
2026-02-26 20:01:51.863857,13,6.47,1.14,1,0.1
2026-02-26 21:01:51.863857,11,-0.38,9.14,1,0.1
2026-02-26 22:01:51.863857,32,27.43,26.21,1,0.1
2026-02-26 23:01:51.863857,29,21.01,23.23,2,0.2
2026-02-27 00:01:51.863857,39,29.39,21.15,2,0.2
2026-02-27 01:01:51.863857,18,17.96,11.4,1,0.1
2026-02-27 02:01:51.863857,34,31.76,12.41,1,0.1
2026-02-27 03:01:51.863857,23,15.82,18.46,3,0.3
2026-02-27 04:01:51.863857,18,10.4,12.56,1,0.1
2026-02-27 05:01:51.863857,11,8.26,6.26,1,0.1
2026-02-27 06:01:51.863857,23,22.03,11.51,1,0.1
2026-02-27 07:01:51.863857,20,11.17,14.09,3,0.3
2026-02-27 08:01:51.863857,14,7.76,8.09,2,0.2
2026-02-27 09:01:51.863857,90,68.93,52.49,4,0.4
2026-02-27 10:01:51.863857,63,46.73,34.08,3,0.3
2026-02-27 11:01:51.863857,95,70.78,55.96,6,0.6
2026-02-27 12:01:51.863857,94,81.24,54.82,4,0.4
2026-02-27 13:01:51.863857,81,61.96,46.65,4,0.4
2026-02-27 14:01:51.863857,97,74.87,60.16,6,0.6
2026-02-27 15:01:51.863857,64,51.12,41.3,5,0.5
2026-02-27 16:01:51.863857,70,50.03,41.8,4,0.4
2026-02-27 17:01:51.863857,99,84.26,61.01,5,0.5
2026-02-27 18:01:51.863857,80,66.33,48.83,5,0.5
2026-02-27 19:01:51.863857,37,31.23,21.37,1,0.1
2026-02-27 20:01:51.863857,37,33.31,23.7,1,0.1
2026-02-27 21:01:51.863857,24,24.25,13.75,1,0.1
2026-02-27 22:01:51.863857,21,15.66,13.05,1,0.1
2026-02-27 23:01:51.863857,32,21.59,25.69,2,0.2
2026-02-28 00:01:51.863857,43,29.02,16.91,2,0.2
2026-02-28 01:01:51.863857,80,68.98,44.22,4,0.4
2026-02-28 02:01:51.863857,39,30.14,22.81,1,0.1
2026-02-28 03:01:51.863857,106,81.58,68.24,6,0.6
2026-02-28 04:01:51.863857,63,54.13,40.77,4,0.4
2026-02-28 05:01:51.863857,49,33.98,19.57,3,0.3
2026-02-28 06:01:51.863857,71,54.38,40.94,5,0.5
2026-02-28 07:01:51.863857,59,51.5,32.48,4,0.4
2026-02-28 08:01:51.863857,52,52.24,34.64,3,0.3
2026-02-28 09:01:51.863857,129,100.0,81.07,8,0.8
2026-02-28 10:01:51.863857,122,97.13,72.77,8,0.8
2026-02-28 11:01:51.863857,123,100.0,73.91,6,0.6
2026-02-28 12:01:51.863857,111,92.1,73.78,6,0.6
2026-02-28 13:01:51.863857,120,97.64,76.5,6,0.6
2026-02-28 14:01:51.863857,96,79.78,61.45,6,0.6
2026-02-28 15:01:51.863857,83,72.84,47.69,6,0.6
2026-02-28 16:01:51.863857,113,92.57,73.74,6,0.6
2026-02-28 17:01:51.863857,100,72.75,54.47,7,0.7
2026-02-28 18:01:51.863857,132,100.0,79.23,8,0.8
2026-02-28 19:01:51.863857,61,49.92,41.26,3,0.3
2026-02-28 20:01:51.863857,113,96.23,64.94,5,0.5
2026-02-28 21:01:51.863857,58,43.58,35.72,3,0.3
2026-02-28 22:01:51.863857,71,64.95,47.38,4,0.4
2026-02-28 23:01:51.863857,75,55.91,44.98,4,0.4
2026-03-01 00:01:51.863857,65,52.41,45.53,3,0.3
2026-03-01 01:01:51.863857,62,45.38,36.52,3,0.3
2026-03-01 02:01:51.863857,83,61.28,59.07,6,0.6
2026-03-01 03:01:51.863857,70,54.14,47.44,3,0.3
2026-03-01 04:01:51.863857,70,57.78,42.24,5,0.5
2026-03-01 05:01:51.863857,77,52.12,47.05,3,0.3
2026-03-01 06:01:51.863857,57,42.68,27.7,2,0.2
2026-03-01 07:01:51.863857,65,52.78,40.66,4,0.4
2026-03-01 08:01:51.863857,62,35.24,36.4,3,0.3
2026-03-01 09:01:51.863857,120,93.68,70.27,6,0.6
2026-03-01 10:01:51.863857,129,100.0,76.38,8,0.8
2026-03-01 11:01:51.863857,136,100.0,76.99,7,0.7
2026-03-01 12:01:51.863857,119,91.61,68.98,7,0.7
2026-03-01 13:01:51.863857,116,93.31,63.94,5,0.5
2026-03-01 14:01:51.863857,112,93.53,62.74,7,0.7
2026-03-01 15:01:51.863857,122,89.79,70.55,6,0.6
2026-03-01 16:01:51.863857,141,100.0,81.08,7,0.7
2026-03-01 17:01:51.863857,119,95.6,73.14,5,0.5
2026-03-01 18:01:51.863857,129,99.08,76.58,7,0.7
2026-03-01 19:01:51.863857,52,40.12,31.96,3,0.3
2026-03-01 20:01:51.863857,62,52.36,35.02,4,0.4
2026-03-01 21:01:51.863857,54,45.38,36.92,3,0.3
2026-03-01 22:01:51.863857,60,43.79,41.02,5,0.5
2026-03-01 23:01:51.863857,42,30.36,24.91,4,0.4
2026-03-02 00:01:51.863857,26,17.25,13.05,3,0.3
2026-03-02 01:01:51.863857,13,3.17,8.27,1,0.1
2026-03-02 02:01:51.863857,24,17.4,16.96,1,0.1
2026-03-02 03:01:51.863857,17,13.29,6.52,1,0.1
2026-03-02 04:01:51.863857,19,16.69,7.64,1,0.1
2026-03-02 05:01:51.863857,36,29.37,14.41,1,0.1
2026-03-02 06:01:51.863857,13,15.65,0.9,2,0.2
2026-03-02 07:01:51.863857,25,6.2,20.32,2,0.2
2026-03-02 08:01:51.863857,21,8.97,19.09,3,0.3
2026-03-02 09:01:51.863857,99,77.07,59.85,4,0.4
2026-03-02 10:01:51.863857,91,71.8,48.78,5,0.5
2026-03-02 11:01:51.863857,78,62.52,53.86,3,0.3
2026-03-02 12:01:51.863857,80,65.95,44.14,6,0.6
2026-03-02 13:01:51.863857,131,100.0,81.58,6,0.6
2026-03-02 14:01:51.863857,68,63.44,42.55,3,0.3
2026-03-02 15:01:51.863857,70,49.36,47.42,4,0.4
2026-03-02 16:01:51.863857,81,59.8,46.08,4,0.4
2026-03-02 17:01:51.863857,87,68.41,50.37,5,0.5
2026-03-02 18:01:51.863857,77,67.69,53.81,4,0.4
2026-03-02 19:01:51.863857,26,22.82,15.48,3,0.3
2026-03-02 20:01:51.863857,10,2.1,11.94,2,0.2
2026-03-02 21:01:51.863857,16,17.14,7.71,2,0.2
2026-03-02 22:01:51.863857,15,19.29,6.42,1,0.1
2026-03-02 23:01:51.863857,16,17.1,11.33,2,0.2
2026-03-03 00:01:51.863857,32,17.8,12.06,2,0.2
2026-03-03 01:01:51.863857,13,9.21,2.73,2,0.2
2026-03-03 02:01:51.863857,23,18.15,12.29,2,0.2
2026-03-03 03:01:51.863857,35,29.94,17.52,2,0.2
2026-03-03 04:01:51.863857,28,26.62,19.28,1,0.1
2026-03-03 05:01:51.863857,16,23.01,14.31,1,0.1
2026-03-03 06:01:51.863857,37,22.24,20.89,1,0.1
2026-03-03 07:01:51.863857,38,21.9,25.44,2,0.2
2026-03-03 08:01:51.863857,20,19.73,7.57,1,0.1
2026-03-03 09:01:51.863857,63,44.41,31.43,5,0.5
2026-03-03 10:01:51.863857,75,60.35,50.81,3,0.3
2026-03-03 11:01:51.863857,79,71.81,46.98,3,0.3
2026-03-03 12:01:51.863857,68,57.67,54.24,5,0.5
2026-03-03 13:01:51.863857,99,86.57,57.64,4,0.4
2026-03-03 14:01:51.863857,78,72.93,41.23,5,0.5
2026-03-03 15:01:51.863857,97,72.53,62.11,6,0.6
2026-03-03 16:01:51.863857,87,68.32,40.19,5,0.5
2026-03-03 17:01:51.863857,61,50.57,36.5,5,0.5
2026-03-03 18:01:51.863857,97,73.89,51.6,5,0.5
2026-03-03 19:01:51.863857,35,27.07,13.04,1,0.1
2026-03-03 20:01:51.863857,38,27.59,34.19,1,0.1
2026-03-03 21:01:51.863857,29,22.18,17.43,2,0.2
2026-03-03 22:01:51.863857,26,26.22,12.71,1,0.1
2026-03-03 23:01:51.863857,39,28.3,27.67,1,0.1
2026-03-04 00:01:51.863857,33,27.38,24.76,3,0.3
2026-03-04 01:01:51.863857,22,17.28,10.25,3,0.3
2026-03-04 02:01:51.863857,23,25.8,10.25,1,0.1
2026-03-04 03:01:51.863857,30,18.01,23.15,2,0.2
2026-03-04 04:01:51.863857,16,16.24,11.7,1,0.1
2026-03-04 05:01:51.863857,32,23.72,22.08,2,0.2
2026-03-04 06:01:51.863857,10,3.56,4.47,1,0.1
2026-03-04 07:01:51.863857,10,13.67,1.94,1,0.1
2026-03-04 08:01:51.863857,38,36.28,14.13,2,0.2
2026-03-04 09:01:51.863857,73,59.43,47.59,5,0.5
2026-03-04 10:01:51.863857,79,64.25,55.83,5,0.5
2026-03-04 11:01:51.863857,75,62.79,49.59,5,0.5
2026-03-04 12:01:51.863857,60,51.99,35.02,4,0.4
2026-03-04 13:01:51.863857,90,77.24,52.32,6,0.6
2026-03-04 14:01:51.863857,68,53.07,47.97,4,0.4
2026-03-04 15:01:51.863857,91,63.7,51.13,5,0.5
2026-03-04 16:01:51.863857,95,82.99,72.44,4,0.4
2026-03-04 17:01:51.863857,66,51.26,43.5,5,0.5
2026-03-04 18:01:51.863857,88,76.77,50.31,6,0.6
2026-03-04 19:01:51.863857,26,21.34,21.58,2,0.2
2026-03-04 20:01:51.863857,10,2.43,6.49,1,0.1
2026-03-04 21:01:51.863857,36,28.06,25.28,3,0.3
2026-03-04 22:01:51.863857,27,21.4,10.31,2,0.2
2026-03-04 23:01:51.863857,14,4.18,1.13,2,0.2
2026-03-05 00:01:51.863857,32,25.67,19.98,1,0.1
2026-03-05 01:01:51.863857,22,17.51,15.19,1,0.1
2026-03-05 02:01:51.863857,11,12.08,4.15,2,0.2
2026-03-05 03:01:51.863857,19,10.9,14.18,1,0.1
2026-03-05 04:01:51.863857,23,21.57,11.26,3,0.3
2026-03-05 05:01:51.863857,10,7.14,0.46,2,0.2
2026-03-05 06:01:51.863857,11,10.26,11.1,1,0.1
2026-03-05 07:01:51.863857,33,24.16,13.42,1,0.1
2026-03-05 08:01:51.863857,26,29.12,23.41,2,0.2
2026-03-05 09:01:51.863857,101,77.41,60.98,5,0.5
2026-03-05 10:01:51.863857,71,56.89,45.87,4,0.4
2026-03-05 11:01:51.863857,95,79.2,53.37,6,0.6
2026-03-05 12:01:51.863857,86,82.38,50.25,6,0.6
2026-03-05 13:01:51.863857,73,68.95,37.96,5,0.5
2026-03-05 14:01:51.863857,63,51.22,37.76,3,0.3
2026-03-05 15:01:51.863857,76,55.68,41.63,5,0.5
2026-03-05 16:01:51.863857,97,81.21,53.89,5,0.5
2026-03-05 17:01:51.863857,91,84.0,56.9,4,0.4
2026-03-05 18:01:51.863857,75,66.07,40.66,4,0.4
2026-03-05 19:01:51.863857,34,33.25,13.2,3,0.3
2026-03-05 20:01:51.863857,41,36.29,30.51,4,0.4
2026-03-05 21:01:51.863857,10,4.16,7.06,1,0.1
2026-03-05 22:01:51.863857,11,0.6,-1.56,1,0.1
2026-03-05 23:01:51.863857,20,16.53,11.33,1,0.1
2026-03-06 00:01:51.863857,49,29.73,30.47,2,0.2
2026-03-06 01:01:51.863857,32,24.92,11.11,2,0.2
2026-03-06 02:01:51.863857,11,3.29,9.78,1,0.1
2026-03-06 03:01:51.863857,16,8.86,7.25,2,0.2
2026-03-06 04:01:51.863857,94,67.5,55.74,4,0.4
2026-03-06 05:01:51.863857,39,22.94,29.42,1,0.1
2026-03-06 06:01:51.863857,34,27.24,25.42,2,0.2
2026-03-06 07:01:51.863857,19,11.96,12.35,1,0.1
2026-03-06 08:01:51.863857,23,14.57,8.63,3,0.3
2026-03-06 09:01:51.863857,81,61.32,56.39,6,0.6
2026-03-06 10:01:51.863857,73,61.18,47.86,3,0.3
2026-03-06 11:01:51.863857,71,60.33,47.25,4,0.4
2026-03-06 12:01:51.863857,97,72.76,70.39,5,0.5
2026-03-06 13:01:51.863857,64,50.35,39.15,3,0.3
2026-03-06 14:01:51.863857,86,73.09,52.36,6,0.6
2026-03-06 15:01:51.863857,72,60.62,42.35,5,0.5
2026-03-06 16:01:51.863857,96,77.19,54.83,6,0.6
2026-03-06 17:01:51.863857,84,72.03,56.58,4,0.4
2026-03-06 18:01:51.863857,83,66.84,50.79,5,0.5
2026-03-06 19:01:51.863857,18,17.48,16.82,1,0.1
2026-03-06 20:01:51.863857,26,20.8,18.61,1,0.1
2026-03-06 21:01:51.863857,12,6.85,1.1,1,0.1
2026-03-06 22:01:51.863857,37,30.7,15.57,3,0.3
2026-03-06 23:01:51.863857,11,6.95,17.12,1,0.1
2026-03-07 00:01:51.863857,33,18.63,23.89,3,0.3
2026-03-07 01:01:51.863857,50,38.28,39.82,2,0.2
2026-03-07 02:01:51.863857,53,39.68,30.99,3,0.3
2026-03-07 03:01:51.863857,60,49.49,32.83,3,0.3
2026-03-07 04:01:51.863857,39,30.11,10.21,3,0.3
2026-03-07 05:01:51.863857,51,45.37,25.86,2,0.2
2026-03-07 06:01:51.863857,58,40.5,40.37,4,0.4
2026-03-07 07:01:51.863857,53,43.56,37.29,3,0.3
2026-03-07 08:01:51.863857,70,54.23,39.13,3,0.3
2026-03-07 09:01:51.863857,104,86.34,56.27,7,0.7
2026-03-07 10:01:51.863857,127,100.0,77.42,6,0.6
2026-03-07 11:01:51.863857,99,77.22,58.5,4,0.4
2026-03-07 12:01:51.863857,109,83.67,65.19,6,0.6
2026-03-07 13:01:51.863857,108,87.34,56.83,6,0.6
2026-03-07 14:01:51.863857,104,79.85,65.55,6,0.6
2026-03-07 15:01:51.863857,95,73.7,61.32,6,0.6
2026-03-07 16:01:51.863857,102,75.11,69.09,7,0.7
2026-03-07 17:01:51.863857,96,83.02,53.11,4,0.4
2026-03-07 18:01:51.863857,118,96.65,71.79,5,0.5
2026-03-07 19:01:51.863857,63,50.59,40.72,5,0.5
2026-03-07 20:01:51.863857,83,65.45,48.01,5,0.5
2026-03-07 21:01:51.863857,76,59.95,39.03,5,0.5
2026-03-07 22:01:51.863857,64,53.44,40.26,4,0.4
2026-03-07 23:01:51.863857,53,29.45,31.56,4,0.4
2026-03-08 00:01:51.863857,84,65.08,42.31,6,0.6
2026-03-08 01:01:51.863857,74,61.88,48.2,3,0.3
2026-03-08 02:01:51.863857,47,39.73,28.3,4,0.4
2026-03-08 03:01:51.863857,49,35.55,34.64,3,0.3
2026-03-08 04:01:51.863857,40,33.16,17.98,3,0.3
2026-03-08 05:01:51.863857,79,65.52,50.13,4,0.4
2026-03-08 06:01:51.863857,60,52.41,33.74,5,0.5
2026-03-08 07:01:51.863857,55,48.42,31.91,2,0.2
2026-03-08 08:01:51.863857,42,37.32,24.29,4,0.4
2026-03-08 09:01:51.863857,104,76.48,54.38,5,0.5
2026-03-08 10:01:51.863857,111,80.28,64.49,5,0.5
2026-03-08 11:01:51.863857,109,77.35,69.86,5,0.5
2026-03-08 12:01:51.863857,105,86.44,66.29,5,0.5
2026-03-08 13:01:51.863857,96,71.37,61.14,4,0.4
2026-03-08 14:01:51.863857,113,98.49,68.32,7,0.7
2026-03-08 15:01:51.863857,100,78.42,65.52,6,0.6
2026-03-08 16:01:51.863857,105,76.74,62.94,5,0.5
2026-03-08 17:01:51.863857,95,73.85,57.43,5,0.5
2026-03-08 18:01:51.863857,109,86.66,70.57,7,0.7
2026-03-08 19:01:51.863857,79,69.38,42.04,4,0.4
2026-03-08 20:01:51.863857,35,24.98,20.76,3,0.3
2026-03-08 21:01:51.863857,46,45.15,39.77,2,0.2
2026-03-08 22:01:51.863857,81,61.14,43.48,4,0.4
2026-03-08 23:01:51.863857,51,46.33,26.06,4,0.4
2026-03-09 00:01:51.863857,18,5.77,7.41,1,0.1
2026-03-09 01:01:51.863857,14,8.88,10.71,1,0.1
2026-03-09 02:01:51.863857,25,17.01,22.11,1,0.1
2026-03-09 03:01:51.863857,17,14.03,6.16,1,0.1
2026-03-09 04:01:51.863857,36,20.06,22.27,2,0.2
2026-03-09 05:01:51.863857,31,16.86,22.56,1,0.1
2026-03-09 06:01:51.863857,36,28.97,16.82,1,0.1
2026-03-09 07:01:51.863857,28,27.81,21.78,3,0.3
2026-03-09 08:01:51.863857,15,17.44,13.62,1,0.1
2026-03-09 09:01:51.863857,124,97.36,72.1,6,0.6
2026-03-09 10:01:51.863857,62,53.29,42.91,3,0.3
2026-03-09 11:01:51.863857,60,54.46,19.07,4,0.4
2026-03-09 12:01:51.863857,78,63.68,45.18,3,0.3
2026-03-09 13:01:51.863857,73,59.06,39.31,3,0.3
2026-03-09 14:01:51.863857,78,73.85,56.44,3,0.3
2026-03-09 15:01:51.863857,60,42.82,35.76,4,0.4
2026-03-09 16:01:51.863857,94,77.3,54.89,4,0.4
2026-03-09 17:01:51.863857,79,55.75,52.47,4,0.4
2026-03-09 18:01:51.863857,96,78.93,56.68,5,0.5
2026-03-09 19:01:51.863857,25,13.27,18.41,1,0.1
2026-03-09 20:01:51.863857,56,42.97,27.2,3,0.3
2026-03-09 21:01:51.863857,10,9.32,10.74,2,0.2
2026-03-09 22:01:51.863857,10,17.07,2.71,1,0.1
2026-03-09 23:01:51.863857,36,31.51,20.83,1,0.1
2026-03-10 00:01:51.863857,29,17.27,20.0,3,0.3
2026-03-10 01:01:51.863857,31,24.66,17.26,2,0.2
2026-03-10 02:01:51.863857,26,22.74,15.79,1,0.1
2026-03-10 03:01:51.863857,14,4.47,10.27,1,0.1
2026-03-10 04:01:51.863857,21,18.75,24.87,3,0.3
2026-03-10 05:01:51.863857,25,29.36,17.45,2,0.2
2026-03-10 06:01:51.863857,20,15.42,8.38,3,0.3
2026-03-10 07:01:51.863857,29,33.43,21.26,2,0.2
2026-03-10 08:01:51.863857,12,1.32,17.88,1,0.1
2026-03-10 09:01:51.863857,95,75.33,51.97,4,0.4
2026-03-10 10:01:51.863857,74,62.19,50.9,4,0.4
2026-03-10 11:01:51.863857,84,60.29,58.1,6,0.6
2026-03-10 12:01:51.863857,68,53.85,43.29,3,0.3
2026-03-10 13:01:51.863857,91,72.68,53.73,6,0.6
2026-03-10 14:01:51.863857,80,55.97,45.8,4,0.4
2026-03-10 15:01:51.863857,68,64.23,43.5,4,0.4
2026-03-10 16:01:51.863857,79,68.5,49.96,5,0.5
2026-03-10 17:01:51.863857,91,72.43,53.39,5,0.5
2026-03-10 18:01:51.863857,64,49.97,41.89,4,0.4
2026-03-10 19:01:51.863857,12,17.58,15.37,1,0.1
2026-03-10 20:01:51.863857,25,18.65,19.46,3,0.3
2026-03-10 21:01:51.863857,22,19.25,0.76,3,0.3
2026-03-10 22:01:51.863857,33,31.29,16.04,1,0.1
2026-03-10 23:01:51.863857,18,11.42,16.17,1,0.1
2026-03-11 00:01:51.863857,31,29.8,17.41,3,0.3
2026-03-11 01:01:51.863857,37,45.9,21.94,3,0.3
2026-03-11 02:01:51.863857,14,11.21,-5.11,2,0.2
2026-03-11 03:01:51.863857,58,38.08,42.93,4,0.4
2026-03-11 04:01:51.863857,78,63.66,44.92,4,0.4
2026-03-11 05:01:51.863857,15,8.5,6.54,1,0.1
2026-03-11 06:01:51.863857,14,15.24,11.13,2,0.2
2026-03-11 07:01:51.863857,12,18.95,-2.73,1,0.1
2026-03-11 08:01:51.863857,30,21.54,20.85,3,0.3
2026-03-11 09:01:51.863857,91,65.87,61.85,5,0.5
2026-03-11 10:01:51.863857,98,81.59,57.37,5,0.5
2026-03-11 11:01:51.863857,94,82.44,56.93,6,0.6
2026-03-11 12:01:51.863857,76,48.98,40.32,5,0.5
2026-03-11 13:01:51.863857,81,53.19,43.27,5,0.5
2026-03-11 14:01:51.863857,82,68.7,51.25,4,0.4
2026-03-11 15:01:51.863857,65,53.87,29.81,4,0.4
2026-03-11 16:01:51.863857,76,63.66,47.34,4,0.4
2026-03-11 17:01:51.863857,69,50.34,42.45,4,0.4
2026-03-11 18:01:51.863857,87,67.06,48.9,6,0.6
2026-03-11 19:01:51.863857,28,24.64,24.58,3,0.3
2026-03-11 20:01:51.863857,38,33.08,24.63,3,0.3
2026-03-11 21:01:51.863857,19,11.41,14.64,1,0.1
2026-03-11 22:01:51.863857,28,20.61,17.08,3,0.3
2026-03-11 23:01:51.863857,22,21.39,13.16,3,0.3
2026-03-12 00:01:51.863857,33,24.04,13.38,1,0.1
2026-03-12 01:01:51.863857,12,-3.82,8.5,1,0.1
2026-03-12 02:01:51.863857,39,30.97,19.58,3,0.3
2026-03-12 03:01:51.863857,38,24.92,26.99,1,0.1
2026-03-12 04:01:51.863857,31,31.02,19.26,1,0.1
2026-03-12 05:01:51.863857,31,14.37,17.67,1,0.1
2026-03-12 06:01:51.863857,16,14.47,8.11,1,0.1
2026-03-12 07:01:51.863857,24,18.28,10.91,2,0.2
2026-03-12 08:01:51.863857,28,15.71,16.36,3,0.3
2026-03-12 09:01:51.863857,87,69.42,53.98,4,0.4
2026-03-12 10:01:51.863857,74,55.45,43.93,4,0.4
2026-03-12 11:01:51.863857,99,76.18,48.37,6,0.6
2026-03-12 12:01:51.863857,90,70.96,64.55,6,0.6
2026-03-12 13:01:51.863857,93,70.73,56.21,4,0.4
2026-03-12 14:01:51.863857,96,83.49,51.95,4,0.4
2026-03-12 15:01:51.863857,94,82.22,59.89,6,0.6
2026-03-12 16:01:51.863857,87,71.08,54.52,4,0.4
2026-03-12 17:01:51.863857,75,68.5,50.36,4,0.4
2026-03-12 18:01:51.863857,96,72.83,62.9,4,0.4
2026-03-12 19:01:51.863857,22,24.45,4.4,1,0.1
2026-03-12 20:01:51.863857,17,18.31,14.5,1,0.1
2026-03-12 21:01:51.863857,35,33.78,18.9,2,0.2
2026-03-12 22:01:51.863857,39,35.83,17.91,3,0.3
2026-03-12 23:01:51.863857,12,2.49,12.73,1,0.1
2026-03-13 00:01:51.863857,37,34.09,15.77,3,0.3
2026-03-13 01:01:51.863857,31,27.87,21.24,3,0.3
2026-03-13 02:01:51.863857,32,26.9,16.51,1,0.1
2026-03-13 03:01:51.863857,37,21.1,20.9,1,0.1
2026-03-13 04:01:51.863857,30,26.23,23.56,2,0.2
2026-03-13 05:01:51.863857,27,14.81,14.59,3,0.3
2026-03-13 06:01:51.863857,38,27.05,24.18,3,0.3
2026-03-13 07:01:51.863857,10,11.78,9.06,1,0.1
2026-03-13 08:01:51.863857,12,4.52,5.98,2,0.2
2026-03-13 09:01:51.863857,80,54.94,51.2,4,0.4
2026-03-13 10:01:51.863857,144,100.0,93.04,9,0.9
2026-03-13 11:01:51.863857,74,50.44,36.76,5,0.5
2026-03-13 12:01:51.863857,84,73.93,54.4,5,0.5
2026-03-13 13:01:51.863857,69,63.46,50.77,5,0.5
2026-03-13 14:01:51.863857,83,73.35,42.26,6,0.6
2026-03-13 15:01:51.863857,64,54.33,42.83,3,0.3
2026-03-13 16:01:51.863857,73,68.17,41.27,5,0.5
2026-03-13 17:01:51.863857,77,62.61,49.46,5,0.5
2026-03-13 18:01:51.863857,84,63.49,47.97,6,0.6
2026-03-13 19:01:51.863857,13,3.8,18.98,1,0.1
2026-03-13 20:01:51.863857,23,17.5,7.46,2,0.2
2026-03-13 21:01:51.863857,29,18.3,32.71,2,0.2
2026-03-13 22:01:51.863857,22,9.33,15.89,2,0.2
2026-03-13 23:01:51.863857,35,28.97,16.82,1,0.1
2026-03-14 00:01:51.863857,62,54.26,38.51,4,0.4
2026-03-14 01:01:51.863857,69,58.35,37.38,5,0.5
2026-03-14 02:01:51.863857,40,35.44,18.89,4,0.4
2026-03-14 03:01:51.863857,76,58.22,44.62,5,0.5
2026-03-14 04:01:51.863857,57,43.98,37.48,3,0.3
2026-03-14 05:01:51.863857,41,29.5,21.08,3,0.3
2026-03-14 06:01:51.863857,58,45.12,33.59,4,0.4
2026-03-14 07:01:51.863857,63,48.34,35.38,3,0.3
2026-03-14 08:01:51.863857,82,61.75,42.72,4,0.4
2026-03-14 09:01:51.863857,95,74.1,58.66,5,0.5
2026-03-14 10:01:51.863857,126,91.21,74.85,7,0.7
2026-03-14 11:01:51.863857,140,100.0,97.47,8,0.8
2026-03-14 12:01:51.863857,147,100.0,84.03,9,0.9
2026-03-14 13:01:51.863857,121,99.95,62.4,6,0.6
2026-03-14 14:01:51.863857,103,88.52,62.48,5,0.5
2026-03-14 15:01:51.863857,119,95.28,69.64,5,0.5
2026-03-14 16:01:51.863857,103,88.63,61.49,7,0.7
2026-03-14 17:01:51.863857,129,100.0,67.58,6,0.6
2026-03-14 18:01:51.863857,140,100.0,84.37,8,0.8
2026-03-14 19:01:51.863857,64,40.72,42.72,5,0.5
2026-03-14 20:01:51.863857,40,33.16,22.9,4,0.4
2026-03-14 21:01:51.863857,63,52.3,36.85,5,0.5
2026-03-14 22:01:51.863857,66,58.89,37.03,5,0.5
2026-03-14 23:01:51.863857,67,55.61,42.54,4,0.4
2026-03-15 00:01:51.863857,123,100.0,72.26,8,0.8
2026-03-15 01:01:51.863857,93,67.8,52.76,4,0.4
2026-03-15 02:01:51.863857,44,30.2,22.48,4,0.4
2026-03-15 03:01:51.863857,64,47.92,34.74,5,0.5
2026-03-15 04:01:51.863857,95,72.97,59.29,5,0.5
2026-03-15 05:01:51.863857,68,56.2,41.64,4,0.4
2026-03-15 06:01:51.863857,71,53.8,37.05,5,0.5
2026-03-15 07:01:51.863857,63,52.94,57.43,5,0.5
2026-03-15 08:01:51.863857,78,68.4,45.71,3,0.3
2026-03-15 09:01:51.863857,124,96.35,76.05,6,0.6
2026-03-15 10:01:51.863857,94,79.61,64.18,5,0.5
2026-03-15 11:01:51.863857,96,73.15,61.39,4,0.4
2026-03-15 12:01:51.863857,120,95.01,75.16,7,0.7
2026-03-15 13:01:51.863857,128,100.0,77.49,8,0.8
2026-03-15 14:01:51.863857,134,100.0,81.38,8,0.8
2026-03-15 15:01:51.863857,101,85.15,58.32,7,0.7
2026-03-15 16:01:51.863857,134,100.0,79.17,7,0.7
2026-03-15 17:01:51.863857,111,78.5,69.5,6,0.6
2026-03-15 18:01:51.863857,123,96.26,69.7,6,0.6
2026-03-15 19:01:51.863857,56,46.44,33.74,3,0.3
2026-03-15 20:01:51.863857,38,24.92,24.29,2,0.2
2026-03-15 21:01:51.863857,66,46.23,43.87,5,0.5
2026-03-15 22:01:51.863857,55,39.26,41.74,3,0.3
2026-03-15 23:01:51.863857,69,53.85,44.37,5,0.5
2026-03-16 00:01:51.863857,25,17.49,12.54,2,0.2
2026-03-16 01:01:51.863857,30,25.15,26.56,2,0.2
2026-03-16 02:01:51.863857,38,34.3,14.68,2,0.2
2026-03-16 03:01:51.863857,34,27.81,15.36,1,0.1
2026-03-16 04:01:51.863857,20,20.26,18.26,2,0.2
2026-03-16 05:01:51.863857,30,33.55,22.05,3,0.3
2026-03-16 06:01:51.863857,17,15.93,12.73,1,0.1
2026-03-16 07:01:51.863857,35,22.86,20.51,1,0.1
2026-03-16 08:01:51.863857,15,12.74,5.6,1,0.1
2026-03-16 09:01:51.863857,148,100.0,91.19,9,0.9
2026-03-16 10:01:51.863857,85,69.96,58.95,4,0.4
2026-03-16 11:01:51.863857,87,60.06,47.9,6,0.6
2026-03-16 12:01:51.863857,90,69.93,63.44,4,0.4
2026-03-16 13:01:51.863857,60,38.67,41.14,3,0.3
2026-03-16 14:01:51.863857,74,48.38,42.76,4,0.4
2026-03-16 15:01:51.863857,76,53.2,31.44,4,0.4
2026-03-16 16:01:51.863857,94,81.2,54.08,5,0.5
2026-03-16 17:01:51.863857,86,64.45,48.3,5,0.5
2026-03-16 18:01:51.863857,64,52.88,48.19,4,0.4
2026-03-16 19:01:51.863857,24,13.46,12.84,2,0.2
2026-03-16 20:01:51.863857,27,18.0,12.39,3,0.3
2026-03-16 21:01:51.863857,28,22.78,15.9,3,0.3
2026-03-16 22:01:51.863857,28,24.45,17.64,1,0.1
2026-03-16 23:01:51.863857,38,28.07,21.36,1,0.1
2026-03-17 00:01:51.863857,15,9.22,10.02,2,0.2
2026-03-17 01:01:51.863857,39,32.79,21.74,2,0.2
2026-03-17 02:01:51.863857,13,2.83,9.41,2,0.2
2026-03-17 03:01:51.863857,20,20.47,9.52,3,0.3
2026-03-17 04:01:51.863857,33,18.81,14.82,3,0.3
2026-03-17 05:01:51.863857,39,41.15,25.15,1,0.1
2026-03-17 06:01:51.863857,16,11.31,10.97,1,0.1
2026-03-17 07:01:51.863857,39,30.04,29.22,1,0.1
2026-03-17 08:01:51.863857,32,17.76,17.13,2,0.2
2026-03-17 09:01:51.863857,91,72.08,55.61,6,0.6
2026-03-17 10:01:51.863857,62,54.61,42.62,5,0.5
2026-03-17 11:01:51.863857,63,52.66,35.97,4,0.4
2026-03-17 12:01:51.863857,94,81.93,54.03,6,0.6
2026-03-17 13:01:51.863857,72,57.97,41.52,5,0.5
2026-03-17 14:01:51.863857,73,60.62,38.04,5,0.5
2026-03-17 15:01:51.863857,64,39.96,44.71,4,0.4
2026-03-17 16:01:51.863857,84,71.91,55.95,5,0.5
2026-03-17 17:01:51.863857,84,61.54,52.12,6,0.6
2026-03-17 18:01:51.863857,110,87.4,67.37,5,0.5
2026-03-17 19:01:51.863857,39,30.5,27.1,2,0.2
2026-03-17 20:01:51.863857,73,60.57,47.16,4,0.4
2026-03-17 21:01:51.863857,34,26.75,20.21,1,0.1
2026-03-17 22:01:51.863857,13,1.73,9.5,2,0.2
2026-03-17 23:01:51.863857,24,17.99,18.3,2,0.2
2026-03-18 00:01:51.863857,17,7.79,8.66,2,0.2
2026-03-18 01:01:51.863857,38,28.55,21.72,2,0.2
2026-03-18 02:01:51.863857,25,20.71,12.48,1,0.1
2026-03-18 03:01:51.863857,39,37.26,17.14,1,0.1
2026-03-18 04:01:51.863857,14,20.89,7.62,2,0.2
2026-03-18 05:01:51.863857,22,20.64,16.77,1,0.1
2026-03-18 06:01:51.863857,29,17.98,8.72,2,0.2
2026-03-18 07:01:51.863857,14,2.32,13.04,1,0.1
2026-03-18 08:01:51.863857,22,11.28,7.73,1,0.1
2026-03-18 09:01:51.863857,98,82.71,60.5,6,0.6
2026-03-18 10:01:51.863857,79,61.32,53.31,5,0.5
2026-03-18 11:01:51.863857,70,50.02,46.47,4,0.4
2026-03-18 12:01:51.863857,72,62.06,52.35,3,0.3
2026-03-18 13:01:51.863857,90,83.41,50.91,5,0.5
2026-03-18 14:01:51.863857,61,48.85,47.12,4,0.4
2026-03-18 15:01:51.863857,98,83.04,61.51,6,0.6
2026-03-18 16:01:51.863857,80,67.32,44.38,5,0.5
2026-03-18 17:01:51.863857,83,65.71,48.37,5,0.5
2026-03-18 18:01:51.863857,70,61.92,36.11,3,0.3
2026-03-18 19:01:51.863857,31,28.48,27.51,2,0.2
2026-03-18 20:01:51.863857,29,19.52,21.01,2,0.2
2026-03-18 21:01:51.863857,17,19.79,16.76,2,0.2
2026-03-18 22:01:51.863857,14,9.4,7.03,1,0.1
2026-03-18 23:01:51.863857,20,8.03,20.47,1,0.1
2026-03-19 00:01:51.863857,50,39.07,28.39,4,0.4
2026-03-19 01:01:51.863857,37,35.57,26.8,2,0.2
2026-03-19 02:01:51.863857,36,26.7,27.89,3,0.3
2026-03-19 03:01:51.863857,21,20.38,2.07,1,0.1
2026-03-19 04:01:51.863857,27,23.48,17.76,2,0.2
2026-03-19 05:01:51.863857,33,18.44,24.17,1,0.1
2026-03-19 06:01:51.863857,13,2.71,10.34,1,0.1
2026-03-19 07:01:51.863857,36,27.68,24.32,3,0.3
2026-03-19 08:01:51.863857,23,18.83,12.73,1,0.1
2026-03-19 09:01:51.863857,82,61.21,47.31,4,0.4
2026-03-19 10:01:51.863857,93,75.84,59.72,6,0.6
2026-03-19 11:01:51.863857,73,51.91,40.01,4,0.4
2026-03-19 12:01:51.863857,82,66.22,53.82,6,0.6
2026-03-19 13:01:51.863857,84,64.5,43.67,4,0.4
2026-03-19 14:01:51.863857,79,62.87,49.04,4,0.4
2026-03-19 15:01:51.863857,85,67.55,55.89,6,0.6
2026-03-19 16:01:51.863857,60,54.03,41.71,3,0.3
2026-03-19 17:01:51.863857,92,74.68,50.07,4,0.4
2026-03-19 18:01:51.863857,79,63.2,52.82,4,0.4
2026-03-19 19:01:51.863857,36,26.5,12.91,1,0.1
2026-03-19 20:01:51.863857,22,16.12,12.0,2,0.2
2026-03-19 21:01:51.863857,35,40.77,17.79,1,0.1
2026-03-19 22:01:51.863857,29,19.45,17.18,3,0.3
2026-03-19 23:01:51.863857,35,28.2,24.78,3,0.3
2026-03-20 00:01:51.863857,15,16.57,1.27,1,0.1
2026-03-20 01:01:51.863857,12,17.55,10.07,2,0.2
2026-03-20 02:01:51.863857,20,12.5,17.81,3,0.3
2026-03-20 03:01:51.863857,30,25.6,18.88,1,0.1
2026-03-20 04:01:51.863857,34,30.33,21.33,3,0.3
2026-03-20 05:01:51.863857,23,22.49,3.27,1,0.1
2026-03-20 06:01:51.863857,32,16.47,23.92,1,0.1
2026-03-20 07:01:51.863857,31,24.79,14.99,3,0.3
2026-03-20 08:01:51.863857,25,21.54,14.85,2,0.2
2026-03-20 09:01:51.863857,97,85.51,55.28,4,0.4
2026-03-20 10:01:51.863857,77,58.75,42.37,3,0.3
2026-03-20 11:01:51.863857,97,73.41,55.68,5,0.5
2026-03-20 12:01:51.863857,63,61.23,43.75,3,0.3
2026-03-20 13:01:51.863857,94,70.92,51.26,6,0.6
2026-03-20 14:01:51.863857,86,67.45,50.15,4,0.4
2026-03-20 15:01:51.863857,75,58.38,49.67,3,0.3
2026-03-20 16:01:51.863857,76,59.16,35.72,3,0.3
2026-03-20 17:01:51.863857,63,55.54,34.54,4,0.4
2026-03-20 18:01:51.863857,95,76.98,56.51,4,0.4
2026-03-20 19:01:51.863857,35,23.08,12.91,2,0.2
2026-03-20 20:01:51.863857,28,25.81,17.43,1,0.1
2026-03-20 21:01:51.863857,19,11.83,9.38,2,0.2
2026-03-20 22:01:51.863857,11,6.05,5.86,2,0.2
2026-03-20 23:01:51.863857,16,6.34,6.94,1,0.1
2026-03-21 00:01:51.863857,67,46.73,38.85,3,0.3
2026-03-21 01:01:51.863857,59,35.03,27.85,2,0.2
2026-03-21 02:01:51.863857,78,73.76,51.25,5,0.5
2026-03-21 03:01:51.863857,68,61.4,43.57,5,0.5
2026-03-21 04:01:51.863857,65,51.44,34.98,5,0.5
2026-03-21 05:01:51.863857,50,42.77,22.76,4,0.4
2026-03-21 06:01:51.863857,47,35.88,31.08,3,0.3
2026-03-21 07:01:51.863857,63,58.88,47.29,3,0.3
2026-03-21 08:01:51.863857,70,66.52,44.98,3,0.3
2026-03-21 09:01:51.863857,99,68.88,49.65,5,0.5
2026-03-21 10:01:51.863857,115,92.26,63.7,5,0.5
2026-03-21 11:01:51.863857,139,100.0,88.01,6,0.6
2026-03-21 12:01:51.863857,126,96.85,76.11,8,0.8
2026-03-21 13:01:51.863857,125,97.65,82.25,6,0.6
2026-03-21 14:01:51.863857,96,79.45,57.88,6,0.6
2026-03-21 15:01:51.863857,121,99.9,77.8,8,0.8
2026-03-21 16:01:51.863857,105,91.33,69.35,7,0.7
2026-03-21 17:01:51.863857,120,96.23,72.26,6,0.6
2026-03-21 18:01:51.863857,98,77.55,59.0,6,0.6
2026-03-21 19:01:51.863857,58,54.96,26.06,4,0.4
2026-03-21 20:01:51.863857,83,67.93,53.72,5,0.5
2026-03-21 21:01:51.863857,71,51.97,50.75,4,0.4
2026-03-21 22:01:51.863857,48,29.75,38.22,2,0.2
2026-03-21 23:01:51.863857,62,56.44,31.36,5,0.5
2026-03-22 00:01:51.863857,62,48.71,39.8,5,0.5
2026-03-22 01:01:51.863857,50,50.48,37.97,3,0.3
2026-03-22 02:01:51.863857,71,55.88,34.25,5,0.5
2026-03-22 03:01:51.863857,61,55.68,38.17,4,0.4
2026-03-22 04:01:51.863857,52,32.3,28.17,3,0.3
2026-03-22 05:01:51.863857,77,52.36,46.8,4,0.4
2026-03-22 06:01:51.863857,43,32.83,24.81,4,0.4
2026-03-22 07:01:51.863857,44,34.63,19.9,4,0.4
2026-03-22 08:01:51.863857,63,48.59,35.04,3,0.3
2026-03-22 09:01:51.863857,192,100.0,100.0,11,1.1
2026-03-22 10:01:51.863857,120,90.85,67.69,7,0.7
2026-03-22 11:01:51.863857,98,75.25,55.05,5,0.5
2026-03-22 12:01:51.863857,132,100.0,79.91,6,0.6
2026-03-22 13:01:51.863857,127,100.0,84.5,6,0.6
2026-03-22 14:01:51.863857,102,79.54,65.13,6,0.6
2026-03-22 15:01:51.863857,153,100.0,94.26,7,0.7
2026-03-22 16:01:51.863857,113,92.8,68.79,6,0.6
2026-03-22 17:01:51.863857,117,95.28,69.06,5,0.5
2026-03-22 18:01:51.863857,92,64.53,49.91,4,0.4
2026-03-22 19:01:51.863857,55,37.25,30.92,4,0.4
2026-03-22 20:01:51.863857,72,61.93,41.79,5,0.5
2026-03-22 21:01:51.863857,71,56.43,45.03,4,0.4
2026-03-22 22:01:51.863857,57,43.73,31.95,2,0.2
2026-03-22 23:01:51.863857,69,51.03,38.21,3,0.3
2026-03-23 00:01:51.863857,13,15.99,4.08,1,0.1
2026-03-23 01:01:51.863857,26,19.85,15.88,1,0.1
2026-03-23 02:01:51.863857,34,31.21,17.42,2,0.2
2026-03-23 03:01:51.863857,37,44.2,17.64,1,0.1
2026-03-23 04:01:51.863857,22,14.1,17.61,2,0.2
2026-03-23 05:01:51.863857,33,24.25,24.22,3,0.3
2026-03-23 06:01:51.863857,26,17.04,11.66,2,0.2
2026-03-23 07:01:51.863857,11,4.64,6.05,1,0.1
2026-03-23 08:01:51.863857,33,31.14,16.28,3,0.3
2026-03-23 09:01:51.863857,68,50.6,41.69,4,0.4
2026-03-23 10:01:51.863857,63,43.39,42.83,5,0.5
2026-03-23 11:01:51.863857,86,68.49,51.39,6,0.6
2026-03-23 12:01:51.863857,70,49.88,50.47,3,0.3
2026-03-23 13:01:51.863857,76,62.69,47.49,5,0.5
2026-03-23 14:01:51.863857,94,81.29,61.69,6,0.6
2026-03-23 15:01:51.863857,90,69.14,55.66,5,0.5
2026-03-23 16:01:51.863857,73,57.38,40.89,4,0.4
2026-03-23 17:01:51.863857,95,80.82,64.25,4,0.4
2026-03-23 18:01:51.863857,93,69.29,54.29,5,0.5
2026-03-23 19:01:51.863857,29,22.9,18.51,2,0.2
2026-03-23 20:01:51.863857,34,26.49,14.1,3,0.3
2026-03-23 21:01:51.863857,38,29.64,19.6,2,0.2
2026-03-23 22:01:51.863857,26,21.24,21.06,1,0.1
2026-03-23 23:01:51.863857,38,32.95,20.38,2,0.2
2026-03-24 00:01:51.863857,26,21.81,18.31,2,0.2
2026-03-24 01:01:51.863857,15,9.63,12.4,2,0.2
2026-03-24 02:01:51.863857,18,20.06,10.47,1,0.1
2026-03-24 03:01:51.863857,18,5.33,11.34,1,0.1
2026-03-24 04:01:51.863857,32,28.57,21.04,3,0.3
2026-03-24 05:01:51.863857,10,2.82,11.54,1,0.1
2026-03-24 06:01:51.863857,27,25.93,21.21,2,0.2
2026-03-24 07:01:51.863857,18,18.21,6.73,1,0.1
2026-03-24 08:01:51.863857,22,25.91,11.54,3,0.3
2026-03-24 09:01:51.863857,98,79.96,60.95,5,0.5
2026-03-24 10:01:51.863857,89,72.59,53.29,5,0.5
2026-03-24 11:01:51.863857,66,54.04,31.47,4,0.4
2026-03-24 12:01:51.863857,88,63.29,50.21,6,0.6
2026-03-24 13:01:51.863857,65,46.68,35.05,5,0.5
2026-03-24 14:01:51.863857,66,43.94,41.96,5,0.5
2026-03-24 15:01:51.863857,89,72.52,61.86,4,0.4
2026-03-24 16:01:51.863857,90,77.63,48.0,6,0.6
2026-03-24 17:01:51.863857,81,60.0,42.62,5,0.5
2026-03-24 18:01:51.863857,94,83.75,55.56,6,0.6
2026-03-24 19:01:51.863857,38,28.79,21.6,2,0.2
2026-03-24 20:01:51.863857,62,49.87,38.41,5,0.5
2026-03-24 21:01:51.863857,11,13.46,-4.57,2,0.2
2026-03-24 22:01:51.863857,28,21.22,9.99,2,0.2
2026-03-24 23:01:51.863857,31,19.83,20.7,1,0.1
2026-03-25 00:01:51.863857,35,21.68,12.03,3,0.3
2026-03-25 01:01:51.863857,32,23.69,18.58,1,0.1
2026-03-25 02:01:51.863857,32,23.6,20.55,3,0.3
2026-03-25 03:01:51.863857,15,8.65,14.86,2,0.2
2026-03-25 04:01:51.863857,12,15.51,9.6,2,0.2
2026-03-25 05:01:51.863857,18,19.58,3.69,2,0.2
2026-03-25 06:01:51.863857,19,21.39,13.3,1,0.1
2026-03-25 07:01:51.863857,37,26.53,18.65,2,0.2
2026-03-25 08:01:51.863857,28,30.44,20.94,3,0.3
2026-03-25 09:01:51.863857,86,68.15,44.67,5,0.5
2026-03-25 10:01:51.863857,61,35.9,39.17,3,0.3
2026-03-25 11:01:51.863857,82,66.25,45.51,6,0.6
2026-03-25 12:01:51.863857,69,51.69,40.21,3,0.3
2026-03-25 13:01:51.863857,83,63.72,48.48,4,0.4
2026-03-25 14:01:51.863857,61,52.4,33.66,3,0.3
2026-03-25 15:01:51.863857,76,62.4,53.87,5,0.5
2026-03-25 16:01:51.863857,88,63.45,53.59,4,0.4
2026-03-25 17:01:51.863857,77,61.6,45.32,5,0.5
2026-03-25 18:01:51.863857,68,46.87,40.78,5,0.5
2026-03-25 19:01:51.863857,28,32.17,16.16,2,0.2
2026-03-25 20:01:51.863857,37,27.43,24.51,1,0.1
2026-03-25 21:01:51.863857,19,12.19,2.65,2,0.2
2026-03-25 22:01:51.863857,12,7.63,12.21,1,0.1
2026-03-25 23:01:51.863857,31,28.72,21.71,1,0.1
2026-03-26 00:01:51.863857,31,24.18,15.75,2,0.2
2026-03-26 01:01:51.863857,17,20.23,3.17,2,0.2
2026-03-26 02:01:51.863857,18,15.55,6.19,1,0.1
2026-03-26 03:01:51.863857,74,54.78,31.46,4,0.4
2026-03-26 04:01:51.863857,21,24.47,17.62,2,0.2
2026-03-26 05:01:51.863857,30,28.8,20.31,2,0.2
2026-03-26 06:01:51.863857,29,23.14,21.01,2,0.2
2026-03-26 07:01:51.863857,13,12.41,6.92,1,0.1
2026-03-26 08:01:51.863857,15,13.81,14.42,1,0.1
2026-03-26 09:01:51.863857,99,77.14,63.97,6,0.6
2026-03-26 10:01:51.863857,96,75.16,59.4,6,0.6
2026-03-26 11:01:51.863857,64,62.12,41.25,3,0.3
2026-03-26 12:01:51.863857,65,51.54,37.8,5,0.5
2026-03-26 13:01:51.863857,97,73.94,67.65,5,0.5
2026-03-26 14:01:51.863857,73,64.97,44.46,3,0.3
2026-03-26 15:01:51.863857,76,60.41,52.45,5,0.5
2026-03-26 16:01:51.863857,63,55.57,42.86,3,0.3
2026-03-26 17:01:51.863857,63,46.23,40.72,3,0.3
2026-03-26 18:01:51.863857,70,54.75,54.51,4,0.4
2026-03-26 19:01:51.863857,20,20.08,14.97,1,0.1
2026-03-26 20:01:51.863857,19,11.4,21.06,1,0.1
2026-03-26 21:01:51.863857,31,27.55,17.63,3,0.3
2026-03-26 22:01:51.863857,16,16.63,12.16,1,0.1
2026-03-26 23:01:51.863857,21,17.49,10.08,2,0.2
2026-03-27 00:01:51.863857,33,20.48,26.08,2,0.2
2026-03-27 01:01:51.863857,30,16.35,4.82,2,0.2
2026-03-27 02:01:51.863857,33,32.37,19.05,2,0.2
2026-03-27 03:01:51.863857,36,26.72,27.2,2,0.2
2026-03-27 04:01:51.863857,35,25.79,27.6,2,0.2
2026-03-27 05:01:51.863857,32,25.2,16.3,1,0.1
2026-03-27 06:01:51.863857,11,6.21,6.16,2,0.2
2026-03-27 07:01:51.863857,28,13.14,20.72,1,0.1
2026-03-27 08:01:51.863857,39,32.29,21.77,3,0.3
2026-03-27 09:01:51.863857,61,50.2,41.68,3,0.3
2026-03-27 10:01:51.863857,63,44.69,42.84,4,0.4
2026-03-27 11:01:51.863857,82,60.85,48.21,5,0.5
2026-03-27 12:01:51.863857,64,50.29,36.22,5,0.5
2026-03-27 13:01:51.863857,85,69.32,48.92,5,0.5
2026-03-27 14:01:51.863857,70,61.66,42.51,4,0.4
2026-03-27 15:01:51.863857,96,74.73,62.32,6,0.6
2026-03-27 16:01:51.863857,99,76.89,61.46,4,0.4
2026-03-27 17:01:51.863857,64,46.32,43.08,4,0.4
2026-03-27 18:01:51.863857,74,60.15,45.89,5,0.5
2026-03-27 19:01:51.863857,24,18.38,22.5,3,0.3
2026-03-27 20:01:51.863857,21,16.34,11.37,1,0.1
2026-03-27 21:01:51.863857,22,15.62,15.54,3,0.3
2026-03-27 22:01:51.863857,25,17.07,19.97,2,0.2
2026-03-27 23:01:51.863857,14,11.23,5.61,1,0.1
2026-03-28 00:01:51.863857,70,55.1,42.81,4,0.4
2026-03-28 01:01:51.863857,43,41.23,25.54,4,0.4
2026-03-28 02:01:51.863857,44,41.37,21.24,2,0.2
2026-03-28 03:01:51.863857,91,72.14,54.96,6,0.6
2026-03-28 04:01:51.863857,69,54.54,39.54,5,0.5
2026-03-28 05:01:51.863857,42,38.87,24.27,3,0.3
2026-03-28 06:01:51.863857,42,27.17,29.57,3,0.3
2026-03-28 07:01:51.863857,61,56.95,34.74,4,0.4
2026-03-28 08:01:51.863857,56,40.39,26.48,3,0.3
2026-03-28 09:01:51.863857,111,89.92,71.88,6,0.6
2026-03-28 10:01:51.863857,143,100.0,94.79,7,0.7
2026-03-28 11:01:51.863857,91,71.39,55.09,6,0.6
2026-03-28 12:01:51.863857,134,100.0,80.42,7,0.7
2026-03-28 13:01:51.863857,119,94.55,76.92,6,0.6
2026-03-28 14:01:51.863857,112,93.56,69.26,6,0.6
2026-03-28 15:01:51.863857,136,100.0,83.19,8,0.8
2026-03-28 16:01:51.863857,113,86.13,59.6,5,0.5
2026-03-28 17:01:51.863857,128,96.64,78.84,8,0.8
2026-03-28 18:01:51.863857,110,90.3,65.13,5,0.5
2026-03-28 19:01:51.863857,61,46.86,35.86,4,0.4
2026-03-28 20:01:51.863857,48,39.79,26.25,4,0.4
2026-03-28 21:01:51.863857,63,53.78,37.14,5,0.5
2026-03-28 22:01:51.863857,51,42.06,26.14,3,0.3
2026-03-28 23:01:51.863857,68,42.47,38.32,4,0.4
2026-03-29 00:01:51.863857,54,46.59,32.3,3,0.3
2026-03-29 01:01:51.863857,71,58.02,37.15,4,0.4
2026-03-29 02:01:51.863857,82,69.04,57.4,5,0.5
2026-03-29 03:01:51.863857,52,40.57,25.33,3,0.3
2026-03-29 04:01:51.863857,64,60.32,37.21,4,0.4
2026-03-29 05:01:51.863857,68,54.63,43.59,3,0.3
2026-03-29 06:01:51.863857,70,61.48,46.15,3,0.3
2026-03-29 07:01:51.863857,53,52.34,43.2,2,0.2
2026-03-29 08:01:51.863857,38,30.02,22.06,2,0.2
2026-03-29 09:01:51.863857,101,76.59,62.53,6,0.6
2026-03-29 10:01:51.863857,113,82.58,61.9,5,0.5
2026-03-29 11:01:51.863857,121,98.58,79.43,8,0.8
2026-03-29 12:01:51.863857,110,88.13,58.28,7,0.7
2026-03-29 13:01:51.863857,140,100.0,84.23,9,0.9
2026-03-29 14:01:51.863857,124,97.4,77.02,7,0.7
2026-03-29 15:01:51.863857,139,100.0,81.92,8,0.8
2026-03-29 16:01:51.863857,114,92.49,63.55,6,0.6
2026-03-29 17:01:51.863857,97,68.16,55.22,6,0.6
2026-03-29 18:01:51.863857,114,89.67,66.25,7,0.7
2026-03-29 19:01:51.863857,47,30.81,22.8,3,0.3
2026-03-29 20:01:51.863857,45,29.4,16.38,3,0.3
2026-03-29 21:01:51.863857,66,51.03,44.8,5,0.5
2026-03-29 22:01:51.863857,53,49.95,34.83,3,0.3
2026-03-29 23:01:51.863857,42,31.94,31.54,4,0.4
2026-03-30 00:01:51.863857,12,6.77,1.6,2,0.2
2026-03-30 01:01:51.863857,22,15.69,9.8,1,0.1
2026-03-30 02:01:51.863857,29,31.45,13.81,3,0.3
2026-03-30 03:01:51.863857,22,19.07,12.86,3,0.3
2026-03-30 04:01:51.863857,12,3.91,2.74,1,0.1
2026-03-30 05:01:51.863857,17,8.13,12.69,1,0.1
2026-03-30 06:01:51.863857,12,6.51,4.58,2,0.2
2026-03-30 07:01:51.863857,35,33.7,33.49,2,0.2
2026-03-30 08:01:51.863857,10,17.07,-3.0,2,0.2
2026-03-30 09:01:51.863857,62,58.56,37.94,3,0.3
2026-03-30 10:01:51.863857,69,51.93,41.54,5,0.5
2026-03-30 11:01:51.863857,66,50.55,40.37,3,0.3
2026-03-30 12:01:51.863857,71,53.79,44.19,4,0.4
2026-03-30 13:01:51.863857,97,75.55,59.62,4,0.4
2026-03-30 14:01:51.863857,88,66.5,57.21,5,0.5
2026-03-30 15:01:51.863857,121,87.32,72.56,8,0.8
2026-03-30 16:01:51.863857,77,62.56,41.73,4,0.4
2026-03-30 17:01:51.863857,87,63.54,56.55,4,0.4
2026-03-30 18:01:51.863857,87,71.73,57.74,6,0.6
2026-03-30 19:01:51.863857,39,29.17,20.32,2,0.2
2026-03-30 20:01:51.863857,14,16.81,10.25,1,0.1
2026-03-30 21:01:51.863857,25,15.49,19.73,1,0.1
2026-03-30 22:01:51.863857,35,29.6,20.18,1,0.1
2026-03-30 23:01:51.863857,15,15.82,11.56,2,0.2
2026-03-31 00:01:51.863857,15,18.65,15.61,2,0.2
2026-03-31 01:01:51.863857,12,6.89,6.84,2,0.2
2026-03-31 02:01:51.863857,11,6.94,15.84,1,0.1
2026-03-31 03:01:51.863857,18,18.28,10.52,1,0.1
2026-03-31 04:01:51.863857,27,17.86,16.42,2,0.2
2026-03-31 05:01:51.863857,25,9.04,13.32,1,0.1
2026-03-31 06:01:51.863857,30,19.04,22.6,1,0.1
2026-03-31 07:01:51.863857,39,33.35,19.82,1,0.1
2026-03-31 08:01:51.863857,33,31.9,19.71,3,0.3
2026-03-31 09:01:51.863857,97,72.22,59.28,4,0.4
2026-03-31 10:01:51.863857,70,65.65,38.97,4,0.4
2026-03-31 11:01:51.863857,80,62.84,48.32,5,0.5
2026-03-31 12:01:51.863857,90,84.57,58.12,5,0.5
2026-03-31 13:01:51.863857,85,71.2,52.97,4,0.4
2026-03-31 14:01:51.863857,96,82.55,59.08,5,0.5
2026-03-31 15:01:51.863857,87,60.7,53.91,6,0.6
2026-03-31 16:01:51.863857,83,58.24,47.78,6,0.6
2026-03-31 17:01:51.863857,88,67.5,47.02,6,0.6
2026-03-31 18:01:51.863857,61,43.07,38.93,4,0.4
2026-03-31 19:01:51.863857,38,39.74,29.02,2,0.2
2026-03-31 20:01:51.863857,35,31.19,23.25,1,0.1
2026-03-31 21:01:51.863857,10,2.03,7.43,1,0.1
2026-03-31 22:01:51.863857,32,25.43,11.23,2,0.2
2026-03-31 23:01:51.863857,22,19.7,10.31,3,0.3
2026-04-01 00:01:51.863857,26,21.66,20.19,2,0.2
2026-04-01 01:01:51.863857,20,20.41,11.93,1,0.1
2026-04-01 02:01:51.863857,12,8.81,13.46,2,0.2
2026-04-01 03:01:51.863857,26,22.27,11.89,1,0.1
2026-04-01 04:01:51.863857,16,22.36,11.97,1,0.1
2026-04-01 05:01:51.863857,10,12.17,-3.19,1,0.1
2026-04-01 06:01:51.863857,28,16.68,19.51,1,0.1
2026-04-01 07:01:51.863857,13,17.13,1.49,1,0.1
2026-04-01 08:01:51.863857,11,13.97,13.94,2,0.2
2026-04-01 09:01:51.863857,128,100.0,62.93,8,0.8
2026-04-01 10:01:51.863857,68,49.14,38.17,4,0.4
2026-04-01 11:01:51.863857,73,62.11,40.61,5,0.5
2026-04-01 12:01:51.863857,78,61.33,53.36,3,0.3
2026-04-01 13:01:51.863857,66,53.48,35.72,4,0.4
2026-04-01 14:01:51.863857,91,73.46,54.03,4,0.4
2026-04-01 15:01:51.863857,92,71.74,58.26,4,0.4
2026-04-01 16:01:51.863857,73,63.55,40.54,5,0.5
2026-04-01 17:01:51.863857,88,65.88,52.33,6,0.6
2026-04-01 18:01:51.863857,75,64.09,45.79,4,0.4
2026-04-01 19:01:51.863857,25,16.57,10.78,2,0.2
2026-04-01 20:01:51.863857,10,8.03,10.29,1,0.1
2026-04-01 21:01:51.863857,31,22.26,17.7,1,0.1
2026-04-01 22:01:51.863857,39,34.47,20.07,2,0.2
2026-04-01 23:01:51.863857,34,26.2,16.34,3,0.3
2026-04-02 00:01:51.863857,23,21.08,15.18,3,0.3
2026-04-02 01:01:51.863857,32,31.91,23.58,3,0.3
2026-04-02 02:01:51.863857,11,7.96,-3.07,1,0.1
2026-04-02 03:01:51.863857,21,16.8,20.86,3,0.3
2026-04-02 04:01:51.863857,15,16.82,10.81,1,0.1
2026-04-02 05:01:51.863857,20,11.11,16.18,2,0.2
2026-04-02 06:01:51.863857,35,26.49,21.41,2,0.2
2026-04-02 07:01:51.863857,30,27.43,13.81,2,0.2
2026-04-02 08:01:51.863857,17,18.3,16.41,2,0.2
2026-04-02 09:01:51.863857,112,83.74,78.57,6,0.6
2026-04-02 10:01:51.863857,88,68.13,61.43,6,0.6
2026-04-02 11:01:51.863857,92,75.38,61.51,4,0.4
2026-04-02 12:01:51.863857,87,78.79,59.56,6,0.6
2026-04-02 13:01:51.863857,114,91.78,67.12,5,0.5
2026-04-02 14:01:51.863857,89,71.55,62.91,4,0.4
2026-04-02 15:01:51.863857,97,81.57,65.53,4,0.4
2026-04-02 16:01:51.863857,88,69.7,59.12,5,0.5
2026-04-02 17:01:51.863857,98,82.31,60.14,6,0.6
2026-04-02 18:01:51.863857,99,74.65,69.94,4,0.4
2026-04-02 19:01:51.863857,32,23.98,13.41,1,0.1
2026-04-02 20:01:51.863857,11,11.59,-6.51,2,0.2
2026-04-02 21:01:51.863857,19,9.03,16.19,1,0.1
2026-04-02 22:01:51.863857,28,16.11,20.46,2,0.2
2026-04-02 23:01:51.863857,13,15.56,15.62,1,0.1
2026-04-03 00:01:51.863857,21,10.93,8.66,3,0.3
2026-04-03 01:01:51.863857,31,19.61,21.93,3,0.3
2026-04-03 02:01:51.863857,25,12.78,12.59,3,0.3
2026-04-03 03:01:51.863857,25,19.59,16.22,2,0.2
2026-04-03 04:01:51.863857,90,70.63,59.32,4,0.4
2026-04-03 05:01:51.863857,12,11.16,2.77,1,0.1
2026-04-03 06:01:51.863857,18,14.01,11.17,2,0.2
2026-04-03 07:01:51.863857,21,19.25,15.34,2,0.2
2026-04-03 08:01:51.863857,31,26.17,12.16,2,0.2
2026-04-03 09:01:51.863857,83,63.0,42.14,6,0.6
2026-04-03 10:01:51.863857,87,61.09,52.29,4,0.4
2026-04-03 11:01:51.863857,86,73.84,54.19,4,0.4
2026-04-03 12:01:51.863857,80,60.05,47.99,5,0.5
2026-04-03 13:01:51.863857,84,66.76,58.34,4,0.4
2026-04-03 14:01:51.863857,62,50.27,36.61,3,0.3
2026-04-03 15:01:51.863857,94,76.17,53.14,4,0.4
2026-04-03 16:01:51.863857,62,52.73,39.21,4,0.4
2026-04-03 17:01:51.863857,79,62.37,43.27,3,0.3
2026-04-03 18:01:51.863857,98,78.97,59.7,6,0.6
2026-04-03 19:01:51.863857,21,14.13,14.07,1,0.1
2026-04-03 20:01:51.863857,37,26.27,25.81,3,0.3
2026-04-03 21:01:51.863857,14,14.56,10.32,1,0.1
2026-04-03 22:01:51.863857,27,16.63,17.45,3,0.3
2026-04-03 23:01:51.863857,35,25.98,22.33,1,0.1
2026-04-04 00:01:51.863857,54,32.13,30.37,3,0.3
2026-04-04 01:01:51.863857,71,56.68,48.61,3,0.3
2026-04-04 02:01:51.863857,69,55.6,38.11,3,0.3
2026-04-04 03:01:51.863857,58,49.57,46.76,2,0.2
2026-04-04 04:01:51.863857,42,33.03,26.52,3,0.3
2026-04-04 05:01:51.863857,86,72.12,46.53,6,0.6
2026-04-04 06:01:51.863857,70,52.25,31.78,4,0.4
2026-04-04 07:01:51.863857,43,34.35,19.02,4,0.4
2026-04-04 08:01:51.863857,73,65.54,41.7,3,0.3
2026-04-04 09:01:51.863857,84,65.42,52.47,5,0.5
2026-04-04 10:01:51.863857,99,72.67,57.91,4,0.4
2026-04-04 11:01:51.863857,127,99.26,74.55,6,0.6
2026-04-04 12:01:51.863857,130,100.0,82.32,8,0.8
2026-04-04 13:01:51.863857,106,77.67,64.27,7,0.7
2026-04-04 14:01:51.863857,106,75.24,64.06,7,0.7
2026-04-04 15:01:51.863857,120,97.24,80.01,7,0.7
2026-04-04 16:01:51.863857,100,83.43,59.29,7,0.7
2026-04-04 17:01:51.863857,123,94.34,72.37,6,0.6
2026-04-04 18:01:51.863857,94,77.8,51.51,6,0.6
2026-04-04 19:01:51.863857,56,49.15,38.34,4,0.4
2026-04-04 20:01:51.863857,66,55.54,41.22,4,0.4
2026-04-04 21:01:51.863857,45,45.66,31.29,3,0.3
2026-04-04 22:01:51.863857,37,44.98,29.0,3,0.3
2026-04-04 23:01:51.863857,44,41.29,21.81,2,0.2
2026-04-05 00:01:51.863857,52,34.63,28.23,3,0.3
2026-04-05 01:01:51.863857,53,40.44,30.63,3,0.3
2026-04-05 02:01:51.863857,38,26.14,25.18,1,0.1
2026-04-05 03:01:51.863857,58,47.01,37.28,4,0.4
2026-04-05 04:01:51.863857,72,54.13,44.47,3,0.3
2026-04-05 05:01:51.863857,66,57.98,36.29,4,0.4
2026-04-05 06:01:51.863857,63,48.9,35.25,5,0.5
2026-04-05 07:01:51.863857,69,58.42,46.04,5,0.5
2026-04-05 08:01:51.863857,65,47.52,40.52,4,0.4
2026-04-05 09:01:51.863857,108,90.54,65.59,7,0.7
2026-04-05 10:01:51.863857,124,100.0,79.41,8,0.8
2026-04-05 11:01:51.863857,121,91.22,75.85,7,0.7
2026-04-05 12:01:51.863857,123,92.42,72.27,6,0.6
2026-04-05 13:01:51.863857,123,100.0,74.49,8,0.8
2026-04-05 14:01:51.863857,144,100.0,90.87,7,0.7
2026-04-05 15:01:51.863857,93,84.09,42.51,4,0.4
2026-04-05 16:01:51.863857,107,89.21,62.76,7,0.7
2026-04-05 17:01:51.863857,110,88.41,62.36,6,0.6
2026-04-05 18:01:51.863857,91,78.16,56.24,6,0.6
2026-04-05 19:01:51.863857,49,43.15,34.25,2,0.2
2026-04-05 20:01:51.863857,66,53.22,34.87,4,0.4
2026-04-05 21:01:51.863857,39,33.82,22.76,1,0.1
2026-04-05 22:01:51.863857,70,61.05,35.95,4,0.4
2026-04-05 23:01:51.863857,54,41.73,39.66,4,0.4
2026-04-06 00:01:51.863857,12,4.56,-3.23,2,0.2
2026-04-06 01:01:51.863857,37,36.49,22.78,1,0.1
2026-04-06 02:01:51.863857,10,2.01,10.44,1,0.1
2026-04-06 03:01:51.863857,10,10.82,14.18,1,0.1
2026-04-06 04:01:51.863857,46,26.3,31.02,3,0.3
2026-04-06 05:01:51.863857,17,13.03,13.03,1,0.1
2026-04-06 06:01:51.863857,34,26.91,21.62,3,0.3
2026-04-06 07:01:51.863857,30,20.47,20.61,2,0.2
2026-04-06 08:01:51.863857,13,6.76,9.32,2,0.2
2026-04-06 09:01:51.863857,97,73.93,57.49,5,0.5
2026-04-06 10:01:51.863857,88,78.39,56.47,6,0.6
2026-04-06 11:01:51.863857,98,78.78,56.24,5,0.5
2026-04-06 12:01:51.863857,85,71.33,50.69,6,0.6
2026-04-06 13:01:51.863857,95,76.46,61.48,6,0.6
2026-04-06 14:01:51.863857,88,73.01,58.73,6,0.6
2026-04-06 15:01:51.863857,92,67.42,61.47,5,0.5
2026-04-06 16:01:51.863857,86,71.86,59.79,4,0.4
2026-04-06 17:01:51.863857,64,56.42,45.21,5,0.5
2026-04-06 18:01:51.863857,98,79.68,58.82,6,0.6
2026-04-06 19:01:51.863857,14,20.63,3.76,2,0.2
2026-04-06 20:01:51.863857,10,-2.37,5.89,2,0.2
2026-04-06 21:01:51.863857,37,33.25,23.96,1,0.1
2026-04-06 22:01:51.863857,27,15.52,10.59,1,0.1
2026-04-06 23:01:51.863857,38,29.71,20.68,3,0.3
2026-04-07 00:01:51.863857,26,24.3,13.89,1,0.1
2026-04-07 01:01:51.863857,16,14.33,9.62,2,0.2
2026-04-07 02:01:51.863857,29,21.01,9.27,2,0.2
2026-04-07 03:01:51.863857,14,7.34,12.85,1,0.1
2026-04-07 04:01:51.863857,29,30.92,17.83,3,0.3
2026-04-07 05:01:51.863857,29,14.53,18.51,3,0.3
2026-04-07 06:01:51.863857,87,64.07,62.01,6,0.6
2026-04-07 07:01:51.863857,31,24.8,15.99,3,0.3
2026-04-07 08:01:51.863857,31,22.3,18.09,2,0.2
2026-04-07 09:01:51.863857,89,75.23,50.4,5,0.5
2026-04-07 10:01:51.863857,86,73.94,54.11,5,0.5
2026-04-07 11:01:51.863857,65,54.0,40.01,3,0.3
2026-04-07 12:01:51.863857,76,55.43,46.01,5,0.5
2026-04-07 13:01:51.863857,62,49.4,30.18,4,0.4
2026-04-07 14:01:51.863857,98,77.02,58.09,6,0.6
2026-04-07 15:01:51.863857,60,52.8,35.31,5,0.5
2026-04-07 16:01:51.863857,84,69.95,50.54,6,0.6
2026-04-07 17:01:51.863857,92,67.22,59.94,4,0.4
2026-04-07 18:01:51.863857,72,55.91,43.89,3,0.3
2026-04-07 19:01:51.863857,51,32.89,30.85,2,0.2
2026-04-07 20:01:51.863857,11,17.26,7.92,2,0.2
2026-04-07 21:01:51.863857,38,28.28,28.09,1,0.1
2026-04-07 22:01:51.863857,14,15.19,2.52,1,0.1
2026-04-07 23:01:51.863857,20,9.89,14.1,1,0.1
2026-04-08 00:01:51.863857,34,27.0,11.63,1,0.1
2026-04-08 01:01:51.863857,10,2.16,6.05,2,0.2
2026-04-08 02:01:51.863857,10,-1.39,5.26,2,0.2
2026-04-08 03:01:51.863857,77,59.08,45.45,3,0.3
2026-04-08 04:01:51.863857,13,6.57,2.16,1,0.1
2026-04-08 05:01:51.863857,11,6.73,1.62,1,0.1
2026-04-08 06:01:51.863857,22,23.73,9.27,3,0.3
2026-04-08 07:01:51.863857,29,25.41,12.05,2,0.2
2026-04-08 08:01:51.863857,25,19.19,12.12,3,0.3
2026-04-08 09:01:51.863857,84,52.78,50.82,4,0.4
2026-04-08 10:01:51.863857,86,63.87,47.4,4,0.4
2026-04-08 11:01:51.863857,73,63.55,42.12,4,0.4
2026-04-08 12:01:51.863857,94,73.55,53.85,4,0.4
2026-04-08 13:01:51.863857,76,64.11,45.98,5,0.5
2026-04-08 14:01:51.863857,93,74.94,50.41,6,0.6
2026-04-08 15:01:51.863857,82,62.62,49.91,4,0.4
2026-04-08 16:01:51.863857,65,56.82,47.7,5,0.5
2026-04-08 17:01:51.863857,85,69.21,41.39,5,0.5
2026-04-08 18:01:51.863857,94,73.06,58.48,5,0.5
2026-04-08 19:01:51.863857,20,13.95,20.04,3,0.3
2026-04-08 20:01:51.863857,10,19.17,1.56,1,0.1
2026-04-08 21:01:51.863857,18,8.92,14.37,2,0.2
2026-04-08 22:01:51.863857,15,9.0,1.21,1,0.1
2026-04-08 23:01:51.863857,15,10.0,13.08,1,0.1
2026-04-09 00:01:51.863857,17,7.66,10.56,1,0.1
2026-04-09 01:01:51.863857,19,5.18,15.64,2,0.2
2026-04-09 02:01:51.863857,11,5.58,11.51,2,0.2
2026-04-09 03:01:51.863857,21,22.26,9.86,1,0.1
2026-04-09 04:01:51.863857,20,9.32,15.62,2,0.2
2026-04-09 05:01:51.863857,11,2.8,10.09,2,0.2
2026-04-09 06:01:51.863857,12,2.25,0.89,2,0.2
2026-04-09 07:01:51.863857,12,6.39,10.5,2,0.2
2026-04-09 08:01:51.863857,19,23.29,13.48,2,0.2
2026-04-09 09:01:51.863857,60,44.97,40.55,4,0.4
2026-04-09 10:01:51.863857,144,100.0,77.06,7,0.7
2026-04-09 11:01:51.863857,60,58.07,38.81,3,0.3
2026-04-09 12:01:51.863857,63,43.15,36.22,4,0.4
2026-04-09 13:01:51.863857,98,77.75,54.54,6,0.6
2026-04-09 14:01:51.863857,75,58.64,51.17,3,0.3
2026-04-09 15:01:51.863857,85,68.18,49.28,5,0.5
2026-04-09 16:01:51.863857,89,65.51,52.02,4,0.4
2026-04-09 17:01:51.863857,63,44.79,36.89,4,0.4
2026-04-09 18:01:51.863857,78,67.28,48.72,4,0.4
2026-04-09 19:01:51.863857,10,15.9,3.89,2,0.2
2026-04-09 20:01:51.863857,34,27.44,15.33,3,0.3
2026-04-09 21:01:51.863857,16,9.18,9.31,1,0.1
2026-04-09 22:01:51.863857,28,33.52,24.99,1,0.1
2026-04-09 23:01:51.863857,24,19.69,5.18,2,0.2
2026-04-10 00:01:51.863857,25,11.49,12.19,2,0.2
2026-04-10 01:01:51.863857,14,9.83,-2.61,1,0.1
2026-04-10 02:01:51.863857,24,22.27,16.28,1,0.1
2026-04-10 03:01:51.863857,11,9.64,12.41,1,0.1
2026-04-10 04:01:51.863857,19,7.04,6.88,2,0.2
2026-04-10 05:01:51.863857,26,30.09,21.4,3,0.3
2026-04-10 06:01:51.863857,38,33.61,26.82,2,0.2
2026-04-10 07:01:51.863857,17,18.96,6.61,1,0.1
2026-04-10 08:01:51.863857,26,21.0,22.57,1,0.1
2026-04-10 09:01:51.863857,63,51.14,41.08,4,0.4
2026-04-10 10:01:51.863857,82,61.47,53.05,5,0.5
2026-04-10 11:01:51.863857,61,52.61,34.33,5,0.5
2026-04-10 12:01:51.863857,67,47.19,32.22,4,0.4
2026-04-10 13:01:51.863857,70,54.22,35.5,3,0.3
2026-04-10 14:01:51.863857,65,52.51,39.75,3,0.3
2026-04-10 15:01:51.863857,65,44.94,43.02,5,0.5
2026-04-10 16:01:51.863857,66,53.11,35.54,5,0.5
2026-04-10 17:01:51.863857,72,53.43,40.88,3,0.3
2026-04-10 18:01:51.863857,94,70.88,62.54,5,0.5
2026-04-10 19:01:51.863857,17,6.94,9.75,1,0.1
2026-04-10 20:01:51.863857,17,13.93,6.22,1,0.1
2026-04-10 21:01:51.863857,52,38.75,25.3,4,0.4
2026-04-10 22:01:51.863857,11,-6.86,13.89,2,0.2
2026-04-10 23:01:51.863857,23,11.12,11.69,3,0.3
2026-04-11 00:01:51.863857,64,55.04,42.2,4,0.4
2026-04-11 01:01:51.863857,49,38.91,35.32,2,0.2
2026-04-11 02:01:51.863857,45,37.04,30.0,3,0.3
2026-04-11 03:01:51.863857,59,48.28,39.23,4,0.4
2026-04-11 04:01:51.863857,70,57.48,40.62,5,0.5
2026-04-11 05:01:51.863857,70,62.69,47.04,4,0.4
2026-04-11 06:01:51.863857,44,30.02,25.38,4,0.4
2026-04-11 07:01:51.863857,105,83.94,70.94,6,0.6
2026-04-11 08:01:51.863857,67,52.79,40.26,5,0.5
2026-04-11 09:01:51.863857,111,86.93,64.1,7,0.7
2026-04-11 10:01:51.863857,96,81.8,57.19,5,0.5
2026-04-11 11:01:51.863857,121,97.21,72.78,8,0.8
2026-04-11 12:01:51.863857,141,100.0,89.44,8,0.8
2026-04-11 13:01:51.863857,115,90.64,74.55,7,0.7
2026-04-11 14:01:51.863857,130,93.03,86.0,8,0.8
2026-04-11 15:01:51.863857,123,100.0,74.11,7,0.7
2026-04-11 16:01:51.863857,89,68.67,59.28,4,0.4
2026-04-11 17:01:51.863857,94,84.2,60.69,6,0.6
2026-04-11 18:01:51.863857,105,87.62,57.08,7,0.7
2026-04-11 19:01:51.863857,50,33.8,22.49,4,0.4
2026-04-11 20:01:51.863857,48,32.67,32.81,2,0.2
2026-04-11 21:01:51.863857,63,50.5,30.85,3,0.3
2026-04-11 22:01:51.863857,53,46.15,27.55,3,0.3
2026-04-11 23:01:51.863857,56,41.16,32.76,3,0.3
2026-04-12 00:01:51.863857,62,53.39,30.5,3,0.3
2026-04-12 01:01:51.863857,51,38.97,22.24,2,0.2
2026-04-12 02:01:51.863857,73,66.6,37.89,4,0.4
2026-04-12 03:01:51.863857,76,65.95,49.0,4,0.4
2026-04-12 04:01:51.863857,46,37.18,32.84,4,0.4
2026-04-12 05:01:51.863857,70,60.97,41.53,4,0.4
2026-04-12 06:01:51.863857,56,54.89,34.75,3,0.3
2026-04-12 07:01:51.863857,81,59.32,40.66,5,0.5
2026-04-12 08:01:51.863857,65,47.1,29.21,4,0.4
2026-04-12 09:01:51.863857,108,85.53,64.93,7,0.7
2026-04-12 10:01:51.863857,119,95.62,69.21,7,0.7
2026-04-12 11:01:51.863857,161,100.0,98.51,9,0.9
2026-04-12 12:01:51.863857,145,100.0,91.41,8,0.8
2026-04-12 13:01:51.863857,130,100.0,80.29,8,0.8
2026-04-12 14:01:51.863857,145,100.0,87.15,8,0.8
2026-04-12 15:01:51.863857,138,100.0,85.21,6,0.6
2026-04-12 16:01:51.863857,94,76.55,54.49,5,0.5
2026-04-12 17:01:51.863857,121,92.92,72.44,6,0.6
2026-04-12 18:01:51.863857,103,88.91,74.79,7,0.7
2026-04-12 19:01:51.863857,60,52.31,39.71,5,0.5
2026-04-12 20:01:51.863857,50,41.02,29.44,4,0.4
2026-04-12 21:01:51.863857,67,49.51,40.25,5,0.5
2026-04-12 22:01:51.863857,57,44.0,36.91,3,0.3
2026-04-12 23:01:51.863857,58,41.78,39.83,3,0.3
2026-04-13 00:01:51.863857,15,19.24,13.69,1,0.1
2026-04-13 01:01:51.863857,36,30.69,18.89,2,0.2
2026-04-13 02:01:51.863857,33,23.83,25.11,1,0.1
2026-04-13 03:01:51.863857,36,25.84,31.89,2,0.2
2026-04-13 04:01:51.863857,38,37.33,20.56,1,0.1
2026-04-13 05:01:51.863857,13,11.22,11.53,1,0.1
2026-04-13 06:01:51.863857,34,33.1,30.75,1,0.1
2026-04-13 07:01:51.863857,27,23.86,13.87,3,0.3
2026-04-13 08:01:51.863857,13,9.66,10.34,1,0.1
2026-04-13 09:01:51.863857,98,75.52,55.11,6,0.6
2026-04-13 10:01:51.863857,78,61.34,53.92,3,0.3
2026-04-13 11:01:51.863857,82,59.69,49.35,6,0.6
2026-04-13 12:01:51.863857,70,58.21,42.23,3,0.3
2026-04-13 13:01:51.863857,70,56.73,47.65,3,0.3
2026-04-13 14:01:51.863857,77,64.63,44.52,3,0.3
2026-04-13 15:01:51.863857,62,52.11,33.88,4,0.4
2026-04-13 16:01:51.863857,83,66.72,48.27,6,0.6
2026-04-13 17:01:51.863857,142,100.0,77.43,7,0.7
2026-04-13 18:01:51.863857,63,49.31,39.72,4,0.4
2026-04-13 19:01:51.863857,20,12.86,12.37,3,0.3
2026-04-13 20:01:51.863857,35,19.88,19.15,2,0.2
2026-04-13 21:01:51.863857,10,6.4,-6.03,2,0.2
2026-04-13 22:01:51.863857,35,28.51,22.67,3,0.3
2026-04-13 23:01:51.863857,19,13.3,14.98,1,0.1
2026-04-14 00:01:51.863857,10,5.95,6.73,1,0.1
2026-04-14 01:01:51.863857,36,35.32,22.15,1,0.1
2026-04-14 02:01:51.863857,26,21.18,18.71,1,0.1
2026-04-14 03:01:51.863857,33,26.31,14.92,2,0.2
2026-04-14 04:01:51.863857,19,8.75,17.94,1,0.1
2026-04-14 05:01:51.863857,11,1.65,11.1,1,0.1
2026-04-14 06:01:51.863857,26,20.19,14.52,3,0.3
2026-04-14 07:01:51.863857,34,21.73,18.87,2,0.2
2026-04-14 08:01:51.863857,24,14.52,15.72,1,0.1
2026-04-14 09:01:51.863857,81,57.34,56.85,6,0.6
2026-04-14 10:01:51.863857,89,75.27,59.51,6,0.6
2026-04-14 11:01:51.863857,86,76.27,62.19,6,0.6
2026-04-14 12:01:51.863857,94,69.04,52.98,6,0.6
2026-04-14 13:01:51.863857,63,52.69,48.29,4,0.4
2026-04-14 14:01:51.863857,76,59.15,37.11,4,0.4
2026-04-14 15:01:51.863857,86,68.78,48.63,4,0.4
2026-04-14 16:01:51.863857,85,63.2,53.65,5,0.5
2026-04-14 17:01:51.863857,81,60.92,44.12,6,0.6
2026-04-14 18:01:51.863857,96,73.24,59.98,4,0.4
2026-04-14 19:01:51.863857,22,19.19,9.98,2,0.2
2026-04-14 20:01:51.863857,21,8.25,9.32,1,0.1
2026-04-14 21:01:51.863857,16,6.22,5.97,2,0.2
2026-04-14 22:01:51.863857,18,22.06,10.85,1,0.1
2026-04-14 23:01:51.863857,32,18.25,23.23,2,0.2
2026-04-15 00:01:51.863857,51,40.25,30.77,3,0.3
2026-04-15 01:01:51.863857,23,17.22,13.2,3,0.3
2026-04-15 02:01:51.863857,26,15.28,19.7,2,0.2
2026-04-15 03:01:51.863857,26,11.28,22.82,1,0.1
2026-04-15 04:01:51.863857,20,17.79,6.02,2,0.2
2026-04-15 05:01:51.863857,13,14.0,5.07,1,0.1
2026-04-15 06:01:51.863857,29,18.59,14.57,2,0.2
2026-04-15 07:01:51.863857,17,16.26,4.79,2,0.2
2026-04-15 08:01:51.863857,30,22.5,14.84,3,0.3
2026-04-15 09:01:51.863857,82,58.72,48.31,6,0.6
2026-04-15 10:01:51.863857,60,44.71,32.51,3,0.3
2026-04-15 11:01:51.863857,95,72.82,58.04,5,0.5
2026-04-15 12:01:51.863857,86,71.67,53.88,4,0.4
2026-04-15 13:01:51.863857,82,63.45,51.55,5,0.5
2026-04-15 14:01:51.863857,94,70.64,56.37,6,0.6
2026-04-15 15:01:51.863857,62,45.91,33.03,3,0.3
2026-04-15 16:01:51.863857,81,63.66,52.18,4,0.4
2026-04-15 17:01:51.863857,72,59.3,44.9,5,0.5
2026-04-15 18:01:51.863857,92,67.31,49.82,6,0.6
2026-04-15 19:01:51.863857,34,31.18,22.64,2,0.2
2026-04-15 20:01:51.863857,18,4.45,7.43,1,0.1
2026-04-15 21:01:51.863857,26,7.98,15.11,1,0.1
2026-04-15 22:01:51.863857,11,9.31,8.95,2,0.2
2026-04-15 23:01:51.863857,33,21.93,22.42,2,0.2
2026-04-16 00:01:51.863857,33,31.96,19.85,1,0.1
2026-04-16 01:01:51.863857,17,16.02,10.23,1,0.1
2026-04-16 02:01:51.863857,14,14.76,3.01,2,0.2
2026-04-16 03:01:51.863857,31,18.24,19.88,1,0.1
2026-04-16 04:01:51.863857,67,59.5,42.22,4,0.4
2026-04-16 05:01:51.863857,21,13.46,18.01,2,0.2
2026-04-16 06:01:51.863857,18,17.82,15.23,1,0.1
2026-04-16 07:01:51.863857,33,18.21,17.19,1,0.1
2026-04-16 08:01:51.863857,28,21.67,10.97,1,0.1
2026-04-16 09:01:51.863857,98,80.32,60.69,4,0.4
2026-04-16 10:01:51.863857,84,65.02,57.6,4,0.4
2026-04-16 11:01:51.863857,132,100.0,76.56,8,0.8
2026-04-16 12:01:51.863857,82,74.27,44.32,4,0.4
2026-04-16 13:01:51.863857,90,74.38,63.8,5,0.5
2026-04-16 14:01:51.863857,85,68.39,49.58,6,0.6
2026-04-16 15:01:51.863857,92,65.49,49.68,4,0.4
2026-04-16 16:01:51.863857,97,84.97,62.56,5,0.5
2026-04-16 17:01:51.863857,63,52.67,38.97,3,0.3
2026-04-16 18:01:51.863857,78,72.36,48.76,4,0.4
2026-04-16 19:01:51.863857,38,32.89,26.57,2,0.2
2026-04-16 20:01:51.863857,26,25.49,9.48,2,0.2
2026-04-16 21:01:51.863857,27,20.18,19.4,1,0.1
2026-04-16 22:01:51.863857,16,5.31,15.32,2,0.2
2026-04-16 23:01:51.863857,23,11.22,10.9,1,0.1
2026-04-17 00:01:51.863857,25,22.87,9.96,1,0.1
2026-04-17 01:01:51.863857,12,20.49,8.17,1,0.1
2026-04-17 02:01:51.863857,18,15.35,6.03,1,0.1
2026-04-17 03:01:51.863857,26,25.53,16.28,1,0.1
2026-04-17 04:01:51.863857,81,67.31,44.15,6,0.6
2026-04-17 05:01:51.863857,31,29.11,10.13,2,0.2
2026-04-17 06:01:51.863857,30,30.53,19.45,1,0.1
2026-04-17 07:01:51.863857,26,22.43,12.73,1,0.1
2026-04-17 08:01:51.863857,36,32.52,24.06,1,0.1
2026-04-17 09:01:51.863857,76,60.35,45.76,3,0.3
2026-04-17 10:01:51.863857,61,56.09,34.26,3,0.3
2026-04-17 11:01:51.863857,67,66.81,43.19,5,0.5
2026-04-17 12:01:51.863857,92,73.85,58.81,6,0.6
2026-04-17 13:01:51.863857,74,60.1,43.04,5,0.5
2026-04-17 14:01:51.863857,97,85.63,60.54,6,0.6
2026-04-17 15:01:51.863857,78,57.34,47.92,5,0.5
2026-04-17 16:01:51.863857,85,72.52,45.96,4,0.4
2026-04-17 17:01:51.863857,138,100.0,82.09,8,0.8
2026-04-17 18:01:51.863857,63,47.0,28.41,4,0.4
2026-04-17 19:01:51.863857,31,20.83,20.76,1,0.1
2026-04-17 20:01:51.863857,22,11.53,11.46,2,0.2
2026-04-17 21:01:51.863857,25,23.52,14.39,3,0.3
2026-04-17 22:01:51.863857,37,33.13,23.34,3,0.3
2026-04-17 23:01:51.863857,28,23.3,13.14,1,0.1
2026-04-18 00:01:51.863857,78,59.42,46.44,3,0.3
2026-04-18 01:01:51.863857,40,34.4,19.64,2,0.2
2026-04-18 02:01:51.863857,62,45.37,41.62,3,0.3
2026-04-18 03:01:51.863857,52,45.03,31.81,2,0.2
2026-04-18 04:01:51.863857,60,43.92,28.72,3,0.3
2026-04-18 05:01:51.863857,56,50.53,33.12,2,0.2
2026-04-18 06:01:51.863857,49,39.34,29.51,2,0.2
2026-04-18 07:01:51.863857,40,36.52,17.09,4,0.4
2026-04-18 08:01:51.863857,43,37.35,24.7,2,0.2
2026-04-18 09:01:51.863857,100,83.28,60.78,5,0.5
2026-04-18 10:01:51.863857,141,100.0,81.52,8,0.8
2026-04-18 11:01:51.863857,127,100.0,73.54,8,0.8
2026-04-18 12:01:51.863857,95,79.62,59.24,6,0.6
2026-04-18 13:01:51.863857,139,100.0,81.52,6,0.6
2026-04-18 14:01:51.863857,81,65.76,45.47,5,0.5
2026-04-18 15:01:51.863857,97,75.78,66.76,5,0.5
2026-04-18 16:01:51.863857,93,64.24,49.84,5,0.5
2026-04-18 17:01:51.863857,133,100.0,85.99,6,0.6
2026-04-18 18:01:51.863857,139,100.0,79.4,6,0.6
2026-04-18 19:01:51.863857,69,60.61,36.02,5,0.5
2026-04-18 20:01:51.863857,64,52.24,33.05,5,0.5
2026-04-18 21:01:51.863857,49,31.82,34.51,3,0.3
2026-04-18 22:01:51.863857,64,55.15,30.4,5,0.5
2026-04-18 23:01:51.863857,44,40.04,27.84,2,0.2
2026-04-19 00:01:51.863857,62,47.6,37.85,4,0.4
2026-04-19 01:01:51.863857,65,65.99,41.74,3,0.3
2026-04-19 02:01:51.863857,53,34.37,27.16,3,0.3
2026-04-19 03:01:51.863857,61,47.47,43.45,4,0.4
2026-04-19 04:01:51.863857,59,46.96,36.55,2,0.2
2026-04-19 05:01:51.863857,51,37.18,26.22,2,0.2
2026-04-19 06:01:51.863857,41,34.26,22.78,4,0.4
2026-04-19 07:01:51.863857,71,62.81,46.98,5,0.5
2026-04-19 08:01:51.863857,87,68.1,59.8,4,0.4
2026-04-19 09:01:51.863857,127,100.0,75.9,7,0.7
2026-04-19 10:01:51.863857,121,100.0,70.37,8,0.8
2026-04-19 11:01:51.863857,119,90.67,77.28,7,0.7
2026-04-19 12:01:51.863857,85,81.19,52.51,5,0.5
2026-04-19 13:01:51.863857,138,100.0,85.77,6,0.6
2026-04-19 14:01:51.863857,120,95.21,73.54,8,0.8
2026-04-19 15:01:51.863857,111,98.98,68.39,7,0.7
2026-04-19 16:01:51.863857,145,100.0,89.8,9,0.9
2026-04-19 17:01:51.863857,111,92.02,67.37,5,0.5
2026-04-19 18:01:51.863857,135,100.0,81.28,6,0.6
2026-04-19 19:01:51.863857,90,67.41,57.2,4,0.4
2026-04-19 20:01:51.863857,58,45.52,25.03,2,0.2
2026-04-19 21:01:51.863857,60,43.59,37.94,4,0.4
2026-04-19 22:01:51.863857,71,53.19,40.85,4,0.4
2026-04-19 23:01:51.863857,47,42.76,22.99,2,0.2
2026-04-20 00:01:51.863857,39,30.16,19.05,1,0.1
2026-04-20 01:01:51.863857,11,19.17,2.67,2,0.2
2026-04-20 02:01:51.863857,21,16.04,20.33,3,0.3
2026-04-20 03:01:51.863857,31,24.77,23.48,3,0.3
2026-04-20 04:01:51.863857,29,31.4,15.88,2,0.2
2026-04-20 05:01:51.863857,41,25.01,31.69,2,0.2
2026-04-20 06:01:51.863857,38,32.47,25.42,3,0.3
2026-04-20 07:01:51.863857,15,9.84,18.04,1,0.1
2026-04-20 08:01:51.863857,14,16.07,11.52,1,0.1
2026-04-20 09:01:51.863857,65,45.1,44.72,5,0.5
2026-04-20 10:01:51.863857,82,55.64,42.78,4,0.4
2026-04-20 11:01:51.863857,96,74.24,60.42,6,0.6
2026-04-20 12:01:51.863857,93,72.67,56.66,6,0.6
2026-04-20 13:01:51.863857,82,74.0,51.21,5,0.5
2026-04-20 14:01:51.863857,74,58.5,46.69,3,0.3
2026-04-20 15:01:51.863857,95,83.35,44.45,6,0.6
2026-04-20 16:01:51.863857,90,68.28,50.14,4,0.4
2026-04-20 17:01:51.863857,75,54.6,45.9,3,0.3
2026-04-20 18:01:51.863857,62,48.32,30.51,3,0.3
2026-04-20 19:01:51.863857,29,16.87,19.59,2,0.2
2026-04-20 20:01:51.863857,13,10.39,15.64,1,0.1
2026-04-20 21:01:51.863857,61,54.77,32.41,3,0.3
2026-04-20 22:01:51.863857,37,36.2,24.33,3,0.3
2026-04-20 23:01:51.863857,30,20.25,16.45,3,0.3
2026-04-21 00:01:51.863857,35,28.11,18.44,2,0.2
2026-04-21 01:01:51.863857,15,19.41,3.84,1,0.1
2026-04-21 02:01:51.863857,36,29.02,24.27,2,0.2
2026-04-21 03:01:51.863857,25,24.83,21.79,2,0.2
2026-04-21 04:01:51.863857,39,30.03,26.14,1,0.1
2026-04-21 05:01:51.863857,36,31.66,17.3,2,0.2
2026-04-21 06:01:51.863857,20,12.33,25.29,1,0.1
2026-04-21 07:01:51.863857,26,13.39,8.9,3,0.3
2026-04-21 08:01:51.863857,28,16.78,19.62,3,0.3
2026-04-21 09:01:51.863857,65,50.23,37.54,3,0.3
2026-04-21 10:01:51.863857,78,55.19,47.38,3,0.3
2026-04-21 11:01:51.863857,94,67.03,51.2,5,0.5
2026-04-21 12:01:51.863857,85,73.7,45.1,4,0.4
2026-04-21 13:01:51.863857,91,76.09,53.9,4,0.4
2026-04-21 14:01:51.863857,69,52.38,39.55,5,0.5
2026-04-21 15:01:51.863857,84,65.57,48.68,4,0.4
2026-04-21 16:01:51.863857,88,71.05,40.9,6,0.6
2026-04-21 17:01:51.863857,71,54.31,39.25,5,0.5
2026-04-21 18:01:51.863857,60,49.87,36.32,5,0.5
2026-04-21 19:01:51.863857,31,14.75,20.13,2,0.2
2026-04-21 20:01:51.863857,30,26.7,24.11,2,0.2
2026-04-21 21:01:51.863857,12,0.88,2.59,1,0.1
2026-04-21 22:01:51.863857,12,13.59,8.08,2,0.2
2026-04-21 23:01:51.863857,37,25.1,25.49,1,0.1
2026-04-22 00:01:51.863857,35,26.86,20.01,1,0.1
2026-04-22 01:01:51.863857,33,31.06,19.52,3,0.3
2026-04-22 02:01:51.863857,21,25.03,20.19,1,0.1
2026-04-22 03:01:51.863857,25,14.42,14.92,1,0.1
2026-04-22 04:01:51.863857,18,15.96,5.67,1,0.1
2026-04-22 05:01:51.863857,22,20.3,16.02,1,0.1
2026-04-22 06:01:51.863857,21,20.27,14.11,1,0.1
2026-04-22 07:01:51.863857,19,14.5,11.89,1,0.1
2026-04-22 08:01:51.863857,38,25.52,26.11,1,0.1
2026-04-22 09:01:51.863857,98,70.33,59.23,4,0.4
2026-04-22 10:01:51.863857,71,60.52,45.87,5,0.5
2026-04-22 11:01:51.863857,77,60.7,49.46,3,0.3
2026-04-22 12:01:51.863857,86,66.15,46.33,4,0.4
2026-04-22 13:01:51.863857,96,76.1,58.21,4,0.4
2026-04-22 14:01:51.863857,95,70.86,56.02,5,0.5
2026-04-22 15:01:51.863857,63,35.45,32.35,3,0.3
2026-04-22 16:01:51.863857,85,61.53,52.1,6,0.6
2026-04-22 17:01:51.863857,85,71.64,53.96,6,0.6
2026-04-22 18:01:51.863857,93,75.19,61.58,5,0.5
2026-04-22 19:01:51.863857,28,19.14,17.02,1,0.1
2026-04-22 20:01:51.863857,34,25.37,17.88,2,0.2
2026-04-22 21:01:51.863857,14,9.66,16.12,1,0.1
2026-04-22 22:01:51.863857,23,18.2,10.16,3,0.3
2026-04-22 23:01:51.863857,39,21.56,35.19,2,0.2
2026-04-23 00:01:51.863857,19,8.98,11.4,2,0.2
2026-04-23 01:01:51.863857,27,18.16,16.89,1,0.1
2026-04-23 02:01:51.863857,39,37.29,28.52,1,0.1
2026-04-23 03:01:51.863857,34,17.88,25.49,1,0.1
2026-04-23 04:01:51.863857,33,19.2,14.56,3,0.3
2026-04-23 05:01:51.863857,22,22.81,10.95,2,0.2
2026-04-23 06:01:51.863857,16,2.17,11.19,2,0.2
2026-04-23 07:01:51.863857,12,11.47,14.48,1,0.1
2026-04-23 08:01:51.863857,12,20.87,4.88,1,0.1
2026-04-23 09:01:51.863857,65,48.47,37.24,3,0.3
2026-04-23 10:01:51.863857,72,56.22,41.5,5,0.5
2026-04-23 11:01:51.863857,67,40.08,39.73,3,0.3
2026-04-23 12:01:51.863857,62,54.09,43.24,5,0.5
2026-04-23 13:01:51.863857,86,63.91,60.59,4,0.4
2026-04-23 14:01:51.863857,92,76.89,60.62,4,0.4
2026-04-23 15:01:51.863857,72,59.49,38.47,5,0.5
2026-04-23 16:01:51.863857,83,67.56,49.37,6,0.6
2026-04-23 17:01:51.863857,99,77.17,51.46,6,0.6
2026-04-23 18:01:51.863857,75,61.3,47.4,4,0.4
2026-04-23 19:01:51.863857,35,25.36,23.16,1,0.1
2026-04-23 20:01:51.863857,31,23.83,13.92,1,0.1
2026-04-23 21:01:51.863857,36,28.95,17.11,2,0.2
2026-04-23 22:01:51.863857,35,26.42,22.34,1,0.1
2026-04-23 23:01:51.863857,38,25.55,16.63,1,0.1
2026-04-24 00:01:51.863857,10,4.35,-2.88,2,0.2
2026-04-24 01:01:51.863857,31,31.05,24.01,2,0.2
2026-04-24 02:01:51.863857,38,31.85,22.37,1,0.1
2026-04-24 03:01:51.863857,30,29.67,17.24,3,0.3
2026-04-24 04:01:51.863857,14,8.7,-4.56,2,0.2
2026-04-24 05:01:51.863857,29,23.0,11.13,3,0.3
2026-04-24 06:01:51.863857,30,23.84,13.08,1,0.1
2026-04-24 07:01:51.863857,36,34.16,28.74,3,0.3
2026-04-24 08:01:51.863857,80,54.18,50.3,4,0.4
2026-04-24 09:01:51.863857,73,63.64,43.39,3,0.3
2026-04-24 10:01:51.863857,97,72.28,66.51,5,0.5
2026-04-24 11:01:51.863857,75,53.09,37.2,5,0.5
2026-04-24 12:01:51.863857,88,65.18,61.72,5,0.5
2026-04-24 13:01:51.863857,75,67.03,47.42,3,0.3
2026-04-24 14:01:51.863857,68,54.2,45.98,5,0.5
2026-04-24 15:01:51.863857,63,41.85,35.83,3,0.3
2026-04-24 16:01:51.863857,89,74.5,51.29,4,0.4
2026-04-24 17:01:51.863857,65,49.56,33.87,4,0.4
2026-04-24 18:01:51.863857,77,60.28,48.03,3,0.3
2026-04-24 19:01:51.863857,26,22.53,18.06,1,0.1
2026-04-24 20:01:51.863857,24,23.3,13.42,3,0.3
2026-04-24 21:01:51.863857,22,6.98,15.27,2,0.2
2026-04-24 22:01:51.863857,10,16.25,2.85,2,0.2
2026-04-24 23:01:51.863857,39,20.11,17.56,3,0.3
2026-04-25 00:01:51.863857,64,49.25,33.24,5,0.5
2026-04-25 01:01:51.863857,70,54.75,40.16,4,0.4
2026-04-25 02:01:51.863857,66,58.81,39.64,4,0.4
2026-04-25 03:01:51.863857,82,70.48,43.54,6,0.6
2026-04-25 04:01:51.863857,60,50.0,36.18,5,0.5
2026-04-25 05:01:51.863857,42,38.66,25.26,3,0.3
2026-04-25 06:01:51.863857,79,58.46,42.87,3,0.3
2026-04-25 07:01:51.863857,47,38.35,31.81,3,0.3
2026-04-25 08:01:51.863857,61,41.68,34.32,4,0.4
2026-04-25 09:01:51.863857,114,95.98,68.15,6,0.6
2026-04-25 10:01:51.863857,104,73.38,54.99,7,0.7
2026-04-25 11:01:51.863857,100,75.66,62.79,7,0.7
2026-04-25 12:01:51.863857,110,88.34,58.37,7,0.7
2026-04-25 13:01:51.863857,83,62.08,47.68,4,0.4
2026-04-25 14:01:51.863857,125,100.0,69.12,7,0.7
2026-04-25 15:01:51.863857,125,99.6,74.4,7,0.7
2026-04-25 16:01:51.863857,175,100.0,100.0,10,1.0
2026-04-25 17:01:51.863857,97,71.99,46.53,4,0.4
2026-04-25 18:01:51.863857,110,84.06,61.64,5,0.5
2026-04-25 19:01:51.863857,68,48.98,44.1,3,0.3
2026-04-25 20:01:51.863857,42,29.47,34.43,3,0.3
2026-04-25 21:01:51.863857,55,49.78,38.26,2,0.2
2026-04-25 22:01:51.863857,70,63.54,47.61,4,0.4
2026-04-25 23:01:51.863857,67,49.29,44.43,3,0.3
2026-04-26 00:01:51.863857,49,47.66,37.13,4,0.4
2026-04-26 01:01:51.863857,72,64.42,46.27,3,0.3
2026-04-26 02:01:51.863857,56,38.58,35.85,3,0.3
2026-04-26 03:01:51.863857,59,41.15,32.47,3,0.3
2026-04-26 04:01:51.863857,77,58.92,47.84,4,0.4
2026-04-26 05:01:51.863857,81,61.28,49.34,4,0.4
2026-04-26 06:01:51.863857,62,46.96,33.65,5,0.5
2026-04-26 07:01:51.863857,102,85.27,57.58,7,0.7
2026-04-26 08:01:51.863857,68,59.74,34.37,5,0.5
2026-04-26 09:01:51.863857,109,85.15,66.55,6,0.6
2026-04-26 10:01:51.863857,99,81.36,55.81,5,0.5
2026-04-26 11:01:51.863857,113,92.73,64.78,6,0.6
2026-04-26 12:01:51.863857,135,100.0,85.81,7,0.7
2026-04-26 13:01:51.863857,127,99.45,69.69,8,0.8
2026-04-26 14:01:51.863857,106,82.28,62.35,7,0.7
2026-04-26 15:01:51.863857,121,93.61,71.39,7,0.7
2026-04-26 16:01:51.863857,100,76.26,62.09,7,0.7
2026-04-26 17:01:51.863857,123,99.8,79.56,8,0.8
2026-04-26 18:01:51.863857,114,94.65,68.49,7,0.7
2026-04-26 19:01:51.863857,64,56.78,39.56,4,0.4
2026-04-26 20:01:51.863857,82,64.62,48.04,5,0.5
2026-04-26 21:01:51.863857,76,58.4,45.45,3,0.3
2026-04-26 22:01:51.863857,64,46.9,39.58,4,0.4
2026-04-26 23:01:51.863857,62,51.2,42.21,4,0.4
2026-04-27 00:01:51.863857,20,23.8,2.24,1,0.1
2026-04-27 01:01:51.863857,38,29.02,19.44,3,0.3
2026-04-27 02:01:51.863857,22,18.08,17.44,2,0.2
2026-04-27 03:01:51.863857,33,21.04,25.41,2,0.2
2026-04-27 04:01:51.863857,11,6.47,10.62,1,0.1
2026-04-27 05:01:51.863857,18,14.61,14.27,1,0.1
2026-04-27 06:01:51.863857,11,12.34,10.48,2,0.2
2026-04-27 07:01:51.863857,25,26.73,22.22,1,0.1
2026-04-27 08:01:51.863857,15,16.36,12.66,1,0.1
2026-04-27 09:01:51.863857,65,51.82,34.73,3,0.3
2026-04-27 10:01:51.863857,91,70.17,56.19,4,0.4
2026-04-27 11:01:51.863857,90,72.16,64.88,6,0.6
2026-04-27 12:01:51.863857,82,63.56,54.14,6,0.6
2026-04-27 13:01:51.863857,71,54.1,44.16,4,0.4
2026-04-27 14:01:51.863857,99,74.06,66.58,6,0.6
2026-04-27 15:01:51.863857,95,79.83,54.93,5,0.5
2026-04-27 16:01:51.863857,64,53.5,30.79,4,0.4
2026-04-27 17:01:51.863857,88,74.21,56.45,4,0.4
2026-04-27 18:01:51.863857,104,84.84,67.69,7,0.7
2026-04-27 19:01:51.863857,31,10.87,24.09,2,0.2
2026-04-27 20:01:51.863857,30,28.92,26.65,3,0.3
2026-04-27 21:01:51.863857,25,12.23,18.33,2,0.2
2026-04-27 22:01:51.863857,38,20.76,25.86,2,0.2
2026-04-27 23:01:51.863857,22,23.48,9.34,1,0.1
2026-04-28 00:01:51.863857,33,25.1,19.94,3,0.3
2026-04-28 01:01:51.863857,23,19.06,23.65,3,0.3
2026-04-28 02:01:51.863857,10,11.06,15.37,2,0.2
2026-04-28 03:01:51.863857,21,14.11,18.8,2,0.2
2026-04-28 04:01:51.863857,45,33.62,35.39,3,0.3
2026-04-28 05:01:51.863857,15,15.38,0.42,2,0.2
2026-04-28 06:01:51.863857,14,6.81,1.36,1,0.1
2026-04-28 07:01:51.863857,28,21.3,16.16,3,0.3
2026-04-28 08:01:51.863857,15,12.51,7.51,2,0.2
2026-04-28 09:01:51.863857,78,52.73,46.05,4,0.4
2026-04-28 10:01:51.863857,86,63.9,52.42,6,0.6
2026-04-28 11:01:51.863857,66,48.28,46.58,3,0.3
2026-04-28 12:01:51.863857,79,69.88,38.03,4,0.4
2026-04-28 13:01:51.863857,72,48.41,34.61,3,0.3
2026-04-28 14:01:51.863857,62,36.01,40.7,4,0.4
2026-04-28 15:01:51.863857,93,71.01,54.12,5,0.5
2026-04-28 16:01:51.863857,73,53.71,36.96,4,0.4
2026-04-28 17:01:51.863857,82,67.65,51.84,6,0.6
2026-04-28 18:01:51.863857,65,49.49,39.03,3,0.3
2026-04-28 19:01:51.863857,11,3.91,6.78,2,0.2
2026-04-28 20:01:51.863857,33,29.83,23.51,3,0.3
2026-04-28 21:01:51.863857,10,6.07,-4.36,1,0.1
2026-04-28 22:01:51.863857,12,5.33,5.18,1,0.1
2026-04-28 23:01:51.863857,31,27.54,11.9,2,0.2
2026-04-29 00:01:51.863857,30,24.62,27.48,1,0.1
2026-04-29 01:01:51.863857,29,29.13,7.94,3,0.3
2026-04-29 02:01:51.863857,12,6.98,1.71,1,0.1
2026-04-29 03:01:51.863857,22,21.25,8.54,3,0.3
2026-04-29 04:01:51.863857,27,11.27,26.81,1,0.1
2026-04-29 05:01:51.863857,36,29.59,21.77,3,0.3
2026-04-29 06:01:51.863857,21,10.03,2.97,3,0.3
2026-04-29 07:01:51.863857,22,19.18,16.04,3,0.3
2026-04-29 08:01:51.863857,35,28.71,29.37,2,0.2
2026-04-29 09:01:51.863857,87,63.25,57.97,4,0.4
2026-04-29 10:01:51.863857,86,62.35,49.57,4,0.4
2026-04-29 11:01:51.863857,69,52.24,49.18,5,0.5
2026-04-29 12:01:51.863857,96,86.93,67.9,5,0.5
2026-04-29 13:01:51.863857,79,62.91,47.15,4,0.4
2026-04-29 14:01:51.863857,64,52.9,30.64,4,0.4
2026-04-29 15:01:51.863857,77,55.99,42.87,5,0.5
2026-04-29 16:01:51.863857,88,59.87,55.23,4,0.4
2026-04-29 17:01:51.863857,95,75.06,55.24,6,0.6
2026-04-29 18:01:51.863857,96,78.26,64.49,6,0.6
2026-04-29 19:01:51.863857,10,6.02,3.94,1,0.1
2026-04-29 20:01:51.863857,18,18.0,19.9,2,0.2
2026-04-29 21:01:51.863857,24,16.28,26.66,3,0.3
2026-04-29 22:01:51.863857,26,30.72,15.66,3,0.3
2026-04-29 23:01:51.863857,12,8.86,3.92,2,0.2
2026-04-30 00:01:51.863857,25,12.0,13.46,2,0.2
2026-04-30 01:01:51.863857,22,5.91,16.76,1,0.1
2026-04-30 02:01:51.863857,33,26.85,4.54,3,0.3
2026-04-30 03:01:51.863857,15,9.31,7.27,2,0.2
2026-04-30 04:01:51.863857,12,7.31,9.17,2,0.2
2026-04-30 05:01:51.863857,37,28.4,21.99,2,0.2
2026-04-30 06:01:51.863857,12,7.62,4.48,2,0.2
2026-04-30 07:01:51.863857,37,30.88,13.58,3,0.3
2026-04-30 08:01:51.863857,17,16.84,12.07,1,0.1
2026-04-30 09:01:51.863857,89,67.89,50.83,4,0.4
2026-04-30 10:01:51.863857,99,81.48,44.18,6,0.6
2026-04-30 11:01:51.863857,69,49.95,36.54,4,0.4
2026-04-30 12:01:51.863857,73,64.03,47.67,5,0.5
2026-04-30 13:01:51.863857,73,52.14,38.91,3,0.3
2026-04-30 14:01:51.863857,95,79.18,56.41,5,0.5
2026-04-30 15:01:51.863857,69,61.31,49.43,4,0.4
2026-04-30 16:01:51.863857,95,75.83,59.47,4,0.4
2026-04-30 17:01:51.863857,80,69.64,55.32,5,0.5
2026-04-30 18:01:51.863857,97,74.23,62.27,6,0.6
2026-04-30 19:01:51.863857,17,16.33,6.9,1,0.1
2026-04-30 20:01:51.863857,21,9.26,9.25,1,0.1
2026-04-30 21:01:51.863857,15,16.47,9.61,1,0.1
2026-04-30 22:01:51.863857,20,23.25,5.65,3,0.3
2026-04-30 23:01:51.863857,29,24.55,21.87,2,0.2
2026-05-01 00:01:51.863857,12,6.51,1.65,2,0.2
2026-05-01 01:01:51.863857,24,19.53,18.91,1,0.1
2026-05-01 02:01:51.863857,14,12.24,8.69,1,0.1
2026-05-01 03:01:51.863857,15,14.35,18.86,1,0.1
2026-05-01 04:01:51.863857,18,17.26,12.79,1,0.1
2026-05-01 05:01:51.863857,31,23.24,14.62,3,0.3
2026-05-01 06:01:51.863857,32,24.02,20.77,2,0.2
2026-05-01 07:01:51.863857,26,21.4,10.63,1,0.1
2026-05-01 08:01:51.863857,33,23.4,23.44,2,0.2
2026-05-01 09:01:51.863857,91,77.57,56.34,4,0.4
2026-05-01 10:01:51.863857,71,60.88,37.31,4,0.4
2026-05-01 11:01:51.863857,86,72.16,43.02,4,0.4
2026-05-01 12:01:51.863857,66,51.42,31.07,5,0.5
2026-05-01 13:01:51.863857,80,60.15,55.17,4,0.4
2026-05-01 14:01:51.863857,86,69.19,46.17,6,0.6
2026-05-01 15:01:51.863857,62,40.63,39.9,4,0.4
2026-05-01 16:01:51.863857,81,63.49,48.0,6,0.6
2026-05-01 17:01:51.863857,97,76.35,58.76,4,0.4
2026-05-01 18:01:51.863857,66,53.6,36.12,4,0.4
2026-05-01 19:01:51.863857,15,4.4,16.07,1,0.1
2026-05-01 20:01:51.863857,79,62.05,53.24,4,0.4
2026-05-01 21:01:51.863857,14,14.17,3.8,2,0.2
2026-05-01 22:01:51.863857,31,30.04,13.87,2,0.2
2026-05-01 23:01:51.863857,31,21.72,11.86,1,0.1
2026-05-02 00:01:51.863857,55,39.17,38.91,2,0.2
2026-05-02 01:01:51.863857,40,30.38,22.16,2,0.2
2026-05-02 02:01:51.863857,66,54.64,43.79,5,0.5
2026-05-02 03:01:51.863857,56,34.89,23.99,3,0.3
2026-05-02 04:01:51.863857,49,27.97,30.38,3,0.3
2026-05-02 05:01:51.863857,41,30.24,20.0,4,0.4
2026-05-02 06:01:51.863857,49,37.4,32.51,2,0.2
2026-05-02 07:01:51.863857,69,53.03,42.79,5,0.5
2026-05-02 08:01:51.863857,59,45.88,31.53,4,0.4
2026-05-02 09:01:51.863857,122,99.41,71.4,7,0.7
2026-05-02 10:01:51.863857,100,82.79,59.56,5,0.5
2026-05-02 11:01:51.863857,123,100.0,74.12,8,0.8
2026-05-02 12:01:51.863857,99,75.2,56.91,6,0.6
2026-05-02 13:01:51.863857,107,90.22,71.6,7,0.7
2026-05-02 14:01:51.863857,108,81.92,61.25,6,0.6
2026-05-02 15:01:51.863857,103,79.77,65.85,6,0.6
2026-05-02 16:01:51.863857,119,94.27,74.35,7,0.7
2026-05-02 17:01:51.863857,135,100.0,84.08,8,0.8
2026-05-02 18:01:51.863857,110,81.57,59.49,6,0.6
2026-05-02 19:01:51.863857,74,62.25,44.2,5,0.5
2026-05-02 20:01:51.863857,32,27.78,18.24,1,0.1
2026-05-02 21:01:51.863857,58,56.04,35.03,2,0.2
2026-05-02 22:01:51.863857,69,47.61,43.88,4,0.4
2026-05-02 23:01:51.863857,85,72.28,52.32,4,0.4
2026-05-03 00:01:51.863857,70,55.3,39.37,4,0.4
2026-05-03 01:01:51.863857,56,41.49,31.21,3,0.3
2026-05-03 02:01:51.863857,65,50.21,32.88,4,0.4
2026-05-03 03:01:51.863857,60,40.54,34.54,4,0.4
2026-05-03 04:01:51.863857,51,40.59,18.81,3,0.3
2026-05-03 05:01:51.863857,62,49.82,41.65,3,0.3
2026-05-03 06:01:51.863857,52,46.92,28.9,4,0.4
2026-05-03 07:01:51.863857,74,58.69,50.09,3,0.3
2026-05-03 08:01:51.863857,79,65.18,48.25,3,0.3
2026-05-03 09:01:51.863857,109,86.03,56.49,5,0.5
2026-05-03 10:01:51.863857,96,81.56,49.13,5,0.5
2026-05-03 11:01:51.863857,122,91.97,78.37,6,0.6
2026-05-03 12:01:51.863857,111,86.92,66.36,5,0.5
2026-05-03 13:01:51.863857,128,96.14,76.95,8,0.8
2026-05-03 14:01:51.863857,130,100.0,68.17,6,0.6
2026-05-03 15:01:51.863857,98,78.94,51.11,5,0.5
2026-05-03 16:01:51.863857,143,100.0,78.17,9,0.9
2026-05-03 17:01:51.863857,90,80.02,45.06,5,0.5
2026-05-03 18:01:51.863857,126,96.43,83.32,7,0.7
2026-05-03 19:01:51.863857,71,57.01,36.86,5,0.5
2026-05-03 20:01:51.863857,55,41.79,33.04,2,0.2
2026-05-03 21:01:51.863857,84,58.37,48.37,5,0.5
2026-05-03 22:01:51.863857,89,70.88,55.81,4,0.4
2026-05-03 23:01:51.863857,61,49.52,36.08,5,0.5
2026-05-04 00:01:51.863857,20,13.01,9.08,3,0.3
2026-05-04 01:01:51.863857,36,18.55,18.19,1,0.1
2026-05-04 02:01:51.863857,23,16.29,16.93,2,0.2
2026-05-04 03:01:51.863857,22,18.58,9.95,2,0.2
2026-05-04 04:01:51.863857,22,22.57,17.71,2,0.2
2026-05-04 05:01:51.863857,14,8.7,11.12,1,0.1
2026-05-04 06:01:51.863857,25,22.05,12.02,2,0.2
2026-05-04 07:01:51.863857,14,19.24,12.91,1,0.1
2026-05-04 08:01:51.863857,18,8.74,15.24,1,0.1
2026-05-04 09:01:51.863857,73,54.59,42.3,5,0.5
2026-05-04 10:01:51.863857,62,45.07,33.14,3,0.3
2026-05-04 11:01:51.863857,76,64.57,46.27,5,0.5
2026-05-04 12:01:51.863857,68,57.29,34.65,4,0.4
2026-05-04 13:01:51.863857,79,69.78,46.93,4,0.4
2026-05-04 14:01:51.863857,78,53.94,47.3,3,0.3
2026-05-04 15:01:51.863857,95,83.88,52.68,4,0.4
2026-05-04 16:01:51.863857,87,75.82,58.91,4,0.4
2026-05-04 17:01:51.863857,76,63.16,52.93,3,0.3
2026-05-04 18:01:51.863857,68,58.17,41.45,3,0.3
2026-05-04 19:01:51.863857,14,9.47,6.99,1,0.1
2026-05-04 20:01:51.863857,34,30.61,24.53,2,0.2
2026-05-04 21:01:51.863857,22,12.59,13.63,2,0.2
2026-05-04 22:01:51.863857,27,25.58,24.37,3,0.3
2026-05-04 23:01:51.863857,35,34.5,13.99,2,0.2
2026-05-05 00:01:51.863857,30,23.86,10.89,3,0.3
2026-05-05 01:01:51.863857,27,13.29,9.95,2,0.2
2026-05-05 02:01:51.863857,33,30.05,27.5,2,0.2
2026-05-05 03:01:51.863857,30,26.09,15.51,1,0.1
2026-05-05 04:01:51.863857,31,30.87,16.89,3,0.3
2026-05-05 05:01:51.863857,21,25.37,13.6,2,0.2
2026-05-05 06:01:51.863857,24,18.95,19.89,3,0.3
2026-05-05 07:01:51.863857,22,9.2,6.93,1,0.1
2026-05-05 08:01:51.863857,15,5.3,7.4,1,0.1
2026-05-05 09:01:51.863857,72,58.32,34.03,5,0.5
2026-05-05 10:01:51.863857,97,73.62,59.16,4,0.4
2026-05-05 11:01:51.863857,87,71.74,60.82,4,0.4
2026-05-05 12:01:51.863857,99,82.09,58.51,6,0.6
2026-05-05 13:01:51.863857,75,55.87,42.14,5,0.5
2026-05-05 14:01:51.863857,71,59.79,46.87,3,0.3
2026-05-05 15:01:51.863857,88,70.11,51.7,6,0.6
2026-05-05 16:01:51.863857,71,55.83,46.32,4,0.4
2026-05-05 17:01:51.863857,75,59.54,44.88,4,0.4
2026-05-05 18:01:51.863857,67,57.12,39.81,4,0.4
2026-05-05 19:01:51.863857,21,16.49,10.36,1,0.1
2026-05-05 20:01:51.863857,82,68.83,60.76,6,0.6
2026-05-05 21:01:51.863857,25,18.9,13.4,3,0.3
2026-05-05 22:01:51.863857,37,29.26,17.29,1,0.1
2026-05-05 23:01:51.863857,25,13.68,19.84,3,0.3
2026-05-06 00:01:51.863857,33,26.84,11.01,2,0.2
2026-05-06 01:01:51.863857,34,22.05,28.28,2,0.2
2026-05-06 02:01:51.863857,37,35.37,17.51,3,0.3
2026-05-06 03:01:51.863857,14,13.85,10.4,1,0.1
2026-05-06 04:01:51.863857,37,26.64,23.84,1,0.1
2026-05-06 05:01:51.863857,23,11.8,12.61,3,0.3
2026-05-06 06:01:51.863857,11,9.51,8.98,2,0.2
2026-05-06 07:01:51.863857,37,30.22,24.78,3,0.3
2026-05-06 08:01:51.863857,24,9.52,11.65,2,0.2
2026-05-06 09:01:51.863857,88,69.19,53.95,4,0.4
2026-05-06 10:01:51.863857,96,82.35,61.87,5,0.5
2026-05-06 11:01:51.863857,96,78.85,56.75,6,0.6
2026-05-06 12:01:51.863857,63,52.08,40.62,4,0.4
2026-05-06 13:01:51.863857,93,72.55,54.6,5,0.5
2026-05-06 14:01:51.863857,69,56.7,45.24,4,0.4
2026-05-06 15:01:51.863857,137,100.0,88.65,8,0.8
2026-05-06 16:01:51.863857,64,46.67,39.11,3,0.3
2026-05-06 17:01:51.863857,76,62.37,38.18,5,0.5
2026-05-06 18:01:51.863857,67,53.87,39.3,3,0.3
2026-05-06 19:01:51.863857,25,18.39,24.37,2,0.2
2026-05-06 20:01:51.863857,35,28.75,28.66,1,0.1
2026-05-06 21:01:51.863857,14,11.64,5.94,2,0.2
2026-05-06 22:01:51.863857,24,21.7,12.7,2,0.2
2026-05-06 23:01:51.863857,12,2.52,12.09,1,0.1
2026-05-07 00:01:51.863857,28,21.05,9.85,3,0.3
2026-05-07 01:01:51.863857,24,25.96,24.9,3,0.3
2026-05-07 02:01:51.863857,33,26.86,17.9,2,0.2
2026-05-07 03:01:51.863857,26,16.9,19.28,3,0.3
2026-05-07 04:01:51.863857,29,25.28,17.34,1,0.1
2026-05-07 05:01:51.863857,19,9.84,6.82,1,0.1
2026-05-07 06:01:51.863857,29,10.31,15.83,2,0.2
2026-05-07 07:01:51.863857,31,27.47,8.39,3,0.3
2026-05-07 08:01:51.863857,12,21.36,-0.67,1,0.1
2026-05-07 09:01:51.863857,115,96.04,63.09,6,0.6
2026-05-07 10:01:51.863857,91,78.2,61.48,6,0.6
2026-05-07 11:01:51.863857,72,53.24,52.95,4,0.4
2026-05-07 12:01:51.863857,95,87.67,55.74,5,0.5
2026-05-07 13:01:51.863857,90,71.83,51.48,6,0.6
2026-05-07 14:01:51.863857,64,57.59,41.25,4,0.4
2026-05-07 15:01:51.863857,86,68.45,57.67,6,0.6
2026-05-07 16:01:51.863857,74,42.07,35.21,3,0.3
2026-05-07 17:01:51.863857,75,61.56,43.96,3,0.3
2026-05-07 18:01:51.863857,94,72.61,68.1,5,0.5
2026-05-07 19:01:51.863857,70,55.87,31.19,4,0.4
2026-05-07 20:01:51.863857,34,27.41,14.68,2,0.2
2026-05-07 21:01:51.863857,39,40.83,17.88,2,0.2
2026-05-07 22:01:51.863857,28,14.23,18.06,2,0.2
2026-05-07 23:01:51.863857,17,13.41,9.0,1,0.1
2026-05-08 00:01:51.863857,47,42.37,32.15,4,0.4
2026-05-08 01:01:51.863857,32,19.13,19.62,3,0.3
2026-05-08 02:01:51.863857,19,21.83,15.6,1,0.1
2026-05-08 03:01:51.863857,30,26.22,22.31,3,0.3
2026-05-08 04:01:51.863857,11,2.44,6.64,1,0.1
2026-05-08 05:01:51.863857,27,16.82,12.24,1,0.1
2026-05-08 06:01:51.863857,22,15.28,24.45,1,0.1
2026-05-08 07:01:51.863857,36,19.73,15.25,1,0.1
2026-05-08 08:01:51.863857,14,7.84,18.68,1,0.1
2026-05-08 09:01:51.863857,78,60.98,46.56,5,0.5
2026-05-08 10:01:51.863857,88,76.59,48.33,4,0.4
2026-05-08 11:01:51.863857,90,69.98,55.26,4,0.4
2026-05-08 12:01:51.863857,61,52.1,35.86,4,0.4
2026-05-08 13:01:51.863857,89,76.97,59.21,4,0.4
2026-05-08 14:01:51.863857,60,53.61,33.5,5,0.5
2026-05-08 15:01:51.863857,78,74.02,44.94,4,0.4
2026-05-08 16:01:51.863857,80,54.37,40.59,6,0.6
2026-05-08 17:01:51.863857,76,56.77,48.16,4,0.4
2026-05-08 18:01:51.863857,73,57.24,43.85,3,0.3
2026-05-08 19:01:51.863857,21,19.41,15.57,1,0.1
2026-05-08 20:01:51.863857,37,33.82,17.8,3,0.3
2026-05-08 21:01:51.863857,33,23.06,18.76,1,0.1
2026-05-08 22:01:51.863857,73,57.03,46.73,4,0.4
2026-05-08 23:01:51.863857,18,12.19,4.66,2,0.2
2026-05-09 00:01:51.863857,54,49.89,30.68,3,0.3
2026-05-09 01:01:51.863857,116,95.13,60.47,6,0.6
2026-05-09 02:01:51.863857,86,70.12,48.81,6,0.6
2026-05-09 03:01:51.863857,55,40.38,25.09,3,0.3
2026-05-09 04:01:51.863857,67,56.38,41.6,4,0.4
2026-05-09 05:01:51.863857,68,54.38,39.53,3,0.3
2026-05-09 06:01:51.863857,71,55.52,48.98,5,0.5
2026-05-09 07:01:51.863857,39,28.3,25.68,3,0.3
2026-05-09 08:01:51.863857,88,68.05,58.41,5,0.5
2026-05-09 09:01:51.863857,122,97.87,75.5,8,0.8
2026-05-09 10:01:51.863857,105,77.36,62.87,5,0.5
2026-05-09 11:01:51.863857,108,82.44,74.36,7,0.7
2026-05-09 12:01:51.863857,114,91.74,73.39,6,0.6
2026-05-09 13:01:51.863857,107,83.39,68.8,5,0.5
2026-05-09 14:01:51.863857,110,81.52,65.84,5,0.5
2026-05-09 15:01:51.863857,123,100.0,66.0,7,0.7
2026-05-09 16:01:51.863857,133,100.0,80.23,6,0.6
2026-05-09 17:01:51.863857,106,74.22,68.46,7,0.7
2026-05-09 18:01:51.863857,97,76.5,51.54,5,0.5
2026-05-09 19:01:51.863857,79,60.83,51.97,5,0.5
2026-05-09 20:01:51.863857,53,45.59,30.14,2,0.2
2026-05-09 21:01:51.863857,53,48.62,36.06,4,0.4
2026-05-09 22:01:51.863857,61,55.32,31.36,4,0.4
2026-05-09 23:01:51.863857,61,53.37,31.66,5,0.5
2026-05-10 00:01:51.863857,77,53.79,49.83,5,0.5
2026-05-10 01:01:51.863857,63,42.22,36.45,3,0.3
2026-05-10 02:01:51.863857,43,28.28,13.97,2,0.2
2026-05-10 03:01:51.863857,45,33.95,21.72,4,0.4
2026-05-10 04:01:51.863857,37,29.15,19.07,2,0.2
2026-05-10 05:01:51.863857,57,47.62,30.73,4,0.4
2026-05-10 06:01:51.863857,71,59.74,42.59,3,0.3
2026-05-10 07:01:51.863857,48,34.65,32.76,3,0.3
2026-05-10 08:01:51.863857,56,46.77,35.7,2,0.2
2026-05-10 09:01:51.863857,122,99.16,68.18,8,0.8
2026-05-10 10:01:51.863857,125,100.0,77.31,8,0.8
2026-05-10 11:01:51.863857,116,85.2,58.56,7,0.7
2026-05-10 12:01:51.863857,118,92.11,72.92,5,0.5
2026-05-10 13:01:51.863857,102,93.52,60.62,6,0.6
2026-05-10 14:01:51.863857,119,100.0,73.29,6,0.6
2026-05-10 15:01:51.863857,93,75.48,56.77,5,0.5
2026-05-10 16:01:51.863857,117,94.24,67.24,5,0.5
2026-05-10 17:01:51.863857,104,78.69,75.89,6,0.6
2026-05-10 18:01:51.863857,101,78.19,56.05,6,0.6
2026-05-10 19:01:51.863857,52,37.47,28.74,4,0.4
2026-05-10 20:01:51.863857,62,51.34,32.85,5,0.5
2026-05-10 21:01:51.863857,69,54.4,40.18,3,0.3
2026-05-10 22:01:51.863857,46,25.63,32.14,3,0.3
2026-05-10 23:01:51.863857,46,29.96,26.71,2,0.2
2026-05-11 00:01:51.863857,33,27.14,18.94,1,0.1
2026-05-11 01:01:51.863857,21,29.72,5.95,1,0.1
2026-05-11 02:01:51.863857,14,9.32,9.98,1,0.1
2026-05-11 03:01:51.863857,13,2.86,5.02,1,0.1
2026-05-11 04:01:51.863857,22,28.57,17.98,2,0.2
2026-05-11 05:01:51.863857,35,25.18,18.04,2,0.2
2026-05-11 06:01:51.863857,10,1.38,3.82,1,0.1
2026-05-11 07:01:51.863857,56,45.34,39.05,4,0.4
2026-05-11 08:01:51.863857,28,16.57,8.8,1,0.1
2026-05-11 09:01:51.863857,83,65.26,49.79,5,0.5
2026-05-11 10:01:51.863857,67,53.26,38.63,3,0.3
2026-05-11 11:01:51.863857,81,65.42,41.31,5,0.5
2026-05-11 12:01:51.863857,74,52.12,37.54,3,0.3
2026-05-11 13:01:51.863857,86,65.64,54.12,5,0.5
2026-05-11 14:01:51.863857,88,71.38,44.42,5,0.5
2026-05-11 15:01:51.863857,77,49.33,37.35,5,0.5
2026-05-11 16:01:51.863857,64,44.14,33.04,3,0.3
2026-05-11 17:01:51.863857,66,46.75,41.5,5,0.5
2026-05-11 18:01:51.863857,83,60.62,62.51,5,0.5
2026-05-11 19:01:51.863857,26,31.4,8.98,1,0.1
2026-05-11 20:01:51.863857,44,29.99,14.6,2,0.2
2026-05-11 21:01:51.863857,36,26.8,29.52,3,0.3
2026-05-11 22:01:51.863857,29,23.8,20.18,1,0.1
2026-05-11 23:01:51.863857,36,27.6,17.36,1,0.1
2026-05-12 00:01:51.863857,22,21.67,8.56,2,0.2
2026-05-12 01:01:51.863857,11,9.87,5.74,1,0.1
2026-05-12 02:01:51.863857,33,35.21,18.94,1,0.1
2026-05-12 03:01:51.863857,13,4.26,6.75,2,0.2
2026-05-12 04:01:51.863857,39,40.05,29.64,2,0.2
2026-05-12 05:01:51.863857,12,10.32,2.21,2,0.2
2026-05-12 06:01:51.863857,18,18.29,5.19,1,0.1
2026-05-12 07:01:51.863857,19,16.89,14.78,1,0.1
2026-05-12 08:01:51.863857,38,23.92,21.91,3,0.3
2026-05-12 09:01:51.863857,121,99.82,79.61,6,0.6
2026-05-12 10:01:51.863857,72,49.89,42.82,3,0.3
2026-05-12 11:01:51.863857,72,54.07,46.81,3,0.3
2026-05-12 12:01:51.863857,99,77.59,59.24,5,0.5
2026-05-12 13:01:51.863857,69,50.34,43.52,4,0.4
2026-05-12 14:01:51.863857,85,64.11,57.06,4,0.4
2026-05-12 15:01:51.863857,99,74.96,55.01,4,0.4
2026-05-12 16:01:51.863857,60,48.0,36.26,3,0.3
2026-05-12 17:01:51.863857,150,100.0,85.81,7,0.7
2026-05-12 18:01:51.863857,90,62.03,53.0,6,0.6
2026-05-12 19:01:51.863857,34,20.77,23.58,3,0.3
2026-05-12 20:01:51.863857,30,9.97,19.91,1,0.1
2026-05-12 21:01:51.863857,17,11.13,5.12,1,0.1
2026-05-12 22:01:51.863857,31,23.18,19.66,2,0.2
2026-05-12 23:01:51.863857,30,19.59,10.79,2,0.2
2026-05-13 00:01:51.863857,12,15.93,10.75,2,0.2
2026-05-13 01:01:51.863857,12,12.79,15.69,2,0.2
2026-05-13 02:01:51.863857,22,22.2,19.34,2,0.2
2026-05-13 03:01:51.863857,28,24.35,13.13,2,0.2
2026-05-13 04:01:51.863857,91,65.03,55.3,4,0.4
2026-05-13 05:01:51.863857,24,19.43,5.95,2,0.2
2026-05-13 06:01:51.863857,18,15.93,14.74,1,0.1
2026-05-13 07:01:51.863857,17,11.59,13.75,1,0.1
2026-05-13 08:01:51.863857,31,29.44,19.64,2,0.2
2026-05-13 09:01:51.863857,73,64.19,43.69,5,0.5
2026-05-13 10:01:51.863857,99,76.31,57.85,5,0.5
2026-05-13 11:01:51.863857,91,62.29,61.32,4,0.4
2026-05-13 12:01:51.863857,71,52.46,42.67,3,0.3
2026-05-13 13:01:51.863857,128,91.12,78.96,7,0.7
2026-05-13 14:01:51.863857,77,53.5,49.35,4,0.4
2026-05-13 15:01:51.863857,64,60.52,27.69,4,0.4
2026-05-13 16:01:51.863857,73,54.9,42.75,4,0.4
2026-05-13 17:01:51.863857,75,67.33,47.66,3,0.3
2026-05-13 18:01:51.863857,61,45.14,33.86,4,0.4
2026-05-13 19:01:51.863857,39,45.15,15.2,1,0.1
2026-05-13 20:01:51.863857,26,23.78,20.93,2,0.2
2026-05-13 21:01:51.863857,32,16.03,18.95,1,0.1
2026-05-13 22:01:51.863857,21,15.48,6.21,1,0.1
2026-05-13 23:01:51.863857,39,43.52,22.86,2,0.2
2026-05-14 00:01:51.863857,24,10.77,18.97,1,0.1
2026-05-14 01:01:51.863857,29,21.78,23.35,2,0.2
2026-05-14 02:01:51.863857,12,7.9,12.0,2,0.2
2026-05-14 03:01:51.863857,38,37.98,28.53,3,0.3
2026-05-14 04:01:51.863857,32,31.97,13.52,2,0.2
2026-05-14 05:01:51.863857,36,31.35,18.52,1,0.1
2026-05-14 06:01:51.863857,29,31.29,13.55,2,0.2
2026-05-14 07:01:51.863857,11,10.06,-3.25,1,0.1
2026-05-14 08:01:51.863857,20,14.7,10.76,2,0.2
2026-05-14 09:01:51.863857,97,75.38,52.01,5,0.5
2026-05-14 10:01:51.863857,78,68.17,41.63,4,0.4
2026-05-14 11:01:51.863857,68,50.39,32.77,5,0.5
2026-05-14 12:01:51.863857,99,80.21,54.16,4,0.4
2026-05-14 13:01:51.863857,64,52.21,36.1,5,0.5
2026-05-14 14:01:51.863857,95,78.5,60.29,6,0.6
2026-05-14 15:01:51.863857,74,60.24,48.99,3,0.3
2026-05-14 16:01:51.863857,87,61.93,52.36,6,0.6
2026-05-14 17:01:51.863857,74,61.12,48.44,4,0.4
2026-05-14 18:01:51.863857,84,69.65,48.72,4,0.4
2026-05-14 19:01:51.863857,24,19.54,20.09,1,0.1
2026-05-14 20:01:51.863857,61,48.63,41.13,3,0.3
2026-05-14 21:01:51.863857,30,23.48,12.1,2,0.2
2026-05-14 22:01:51.863857,36,33.04,24.84,2,0.2
2026-05-14 23:01:51.863857,31,20.99,18.86,2,0.2
2026-05-15 00:01:51.863857,36,26.0,19.82,1,0.1
2026-05-15 01:01:51.863857,11,8.3,-3.25,1,0.1
2026-05-15 02:01:51.863857,24,23.01,18.49,1,0.1
2026-05-15 03:01:51.863857,14,14.42,9.13,1,0.1
2026-05-15 04:01:51.863857,11,7.25,7.56,1,0.1
2026-05-15 05:01:51.863857,38,29.71,20.91,2,0.2
2026-05-15 06:01:51.863857,11,10.87,5.43,2,0.2
2026-05-15 07:01:51.863857,44,43.42,28.01,2,0.2
2026-05-15 08:01:51.863857,36,27.8,15.69,1,0.1
2026-05-15 09:01:51.863857,82,73.38,48.34,6,0.6
2026-05-15 10:01:51.863857,87,75.11,56.5,4,0.4
2026-05-15 11:01:51.863857,73,48.63,42.25,4,0.4
2026-05-15 12:01:51.863857,90,75.1,52.12,5,0.5
2026-05-15 13:01:51.863857,90,72.82,52.87,6,0.6
2026-05-15 14:01:51.863857,87,75.86,59.08,5,0.5
2026-05-15 15:01:51.863857,116,86.67,68.17,5,0.5
2026-05-15 16:01:51.863857,91,72.17,56.77,4,0.4
2026-05-15 17:01:51.863857,80,70.78,54.69,5,0.5
2026-05-15 18:01:51.863857,73,54.73,48.58,5,0.5
2026-05-15 19:01:51.863857,19,9.18,12.53,1,0.1
2026-05-15 20:01:51.863857,35,31.4,17.45,1,0.1
2026-05-15 21:01:51.863857,32,15.03,17.08,2,0.2
2026-05-15 22:01:51.863857,16,15.31,6.06,2,0.2
2026-05-15 23:01:51.863857,27,15.87,18.36,3,0.3
2026-05-16 00:01:51.863857,75,54.16,49.05,5,0.5
2026-05-16 01:01:51.863857,83,68.4,39.73,6,0.6
2026-05-16 02:01:51.863857,66,46.77,48.73,3,0.3
2026-05-16 03:01:51.863857,75,61.8,45.79,3,0.3
2026-05-16 04:01:51.863857,61,46.2,31.75,5,0.5
2026-05-16 05:01:51.863857,41,41.62,28.92,4,0.4
2026-05-16 06:01:51.863857,59,51.62,28.57,3,0.3
2026-05-16 07:01:51.863857,70,56.84,39.01,4,0.4
2026-05-16 08:01:51.863857,47,34.12,33.17,3,0.3
2026-05-16 09:01:51.863857,126,100.0,78.56,7,0.7
2026-05-16 10:01:51.863857,89,66.14,51.76,5,0.5
2026-05-16 11:01:51.863857,177,100.0,100.0,8,0.8
2026-05-16 12:01:51.863857,148,100.0,85.48,8,0.8
2026-05-16 13:01:51.863857,107,80.95,58.96,7,0.7
2026-05-16 14:01:51.863857,145,100.0,82.87,7,0.7
2026-05-16 15:01:51.863857,146,100.0,80.77,9,0.9
2026-05-16 16:01:51.863857,111,84.14,62.78,5,0.5
2026-05-16 17:01:51.863857,115,86.32,72.52,6,0.6
2026-05-16 18:01:51.863857,126,100.0,81.35,8,0.8
2026-05-16 19:01:51.863857,58,36.72,39.88,4,0.4
2026-05-16 20:01:51.863857,61,44.12,31.22,5,0.5
2026-05-16 21:01:51.863857,81,66.35,52.11,5,0.5
2026-05-16 22:01:51.863857,55,51.99,34.01,4,0.4
2026-05-16 23:01:51.863857,67,48.26,35.31,5,0.5
2026-05-17 00:01:51.863857,59,50.46,37.01,2,0.2
2026-05-17 01:01:51.863857,62,47.07,37.84,4,0.4
2026-05-17 02:01:51.863857,69,47.55,40.71,4,0.4
2026-05-17 03:01:51.863857,92,75.49,50.96,4,0.4
2026-05-17 04:01:51.863857,34,20.5,24.87,1,0.1
2026-05-17 05:01:51.863857,55,42.17,33.88,4,0.4
2026-05-17 06:01:51.863857,49,40.06,28.49,4,0.4
2026-05-17 07:01:51.863857,65,54.38,38.23,4,0.4
2026-05-17 08:01:51.863857,119,90.24,73.31,5,0.5
2026-05-17 09:01:51.863857,160,100.0,90.47,8,0.8
2026-05-17 10:01:51.863857,128,96.33,76.15,7,0.7
2026-05-17 11:01:51.863857,136,100.0,79.81,7,0.7
2026-05-17 12:01:51.863857,106,79.68,63.51,6,0.6
2026-05-17 13:01:51.863857,108,82.27,67.75,7,0.7
2026-05-17 14:01:51.863857,155,100.0,100.0,9,0.9
2026-05-17 15:01:51.863857,100,73.32,56.65,7,0.7
2026-05-17 16:01:51.863857,117,90.56,68.13,6,0.6
2026-05-17 17:01:51.863857,100,74.62,59.03,5,0.5
2026-05-17 18:01:51.863857,106,88.36,65.61,6,0.6
2026-05-17 19:01:51.863857,57,53.61,38.66,2,0.2
2026-05-17 20:01:51.863857,53,35.84,41.91,4,0.4
2026-05-17 21:01:51.863857,49,49.5,25.19,4,0.4
2026-05-17 22:01:51.863857,69,57.69,31.69,3,0.3
2026-05-17 23:01:51.863857,59,49.11,40.52,4,0.4
2026-05-18 00:01:51.863857,39,28.81,27.46,2,0.2
2026-05-18 01:01:51.863857,13,13.05,12.68,1,0.1
2026-05-18 02:01:51.863857,33,35.39,27.45,1,0.1
2026-05-18 03:01:51.863857,12,15.96,7.78,2,0.2
2026-05-18 04:01:51.863857,17,6.67,9.64,1,0.1
2026-05-18 05:01:51.863857,32,26.13,21.03,3,0.3
2026-05-18 06:01:51.863857,11,7.03,3.22,2,0.2
2026-05-18 07:01:51.863857,12,18.55,9.56,2,0.2
2026-05-18 08:01:51.863857,34,33.03,18.49,2,0.2
2026-05-18 09:01:51.863857,91,59.59,58.87,5,0.5
2026-05-18 10:01:51.863857,63,49.53,30.03,3,0.3
2026-05-18 11:01:51.863857,90,62.6,56.95,4,0.4
2026-05-18 12:01:51.863857,87,64.44,55.54,6,0.6
2026-05-18 13:01:51.863857,62,50.41,43.71,4,0.4
2026-05-18 14:01:51.863857,76,65.41,43.0,5,0.5
2026-05-18 15:01:51.863857,95,86.27,64.71,6,0.6
2026-05-18 16:01:51.863857,63,45.07,29.38,3,0.3
2026-05-18 17:01:51.863857,79,62.49,48.91,4,0.4
2026-05-18 18:01:51.863857,80,74.18,57.96,4,0.4
2026-05-18 19:01:51.863857,28,25.89,15.06,3,0.3
2026-05-18 20:01:51.863857,13,6.4,6.32,1,0.1
2026-05-18 21:01:51.863857,10,19.9,6.27,2,0.2
2026-05-18 22:01:51.863857,11,2.65,-1.67,1,0.1
2026-05-18 23:01:51.863857,37,32.39,25.03,1,0.1
2026-05-19 00:01:51.863857,26,21.12,24.94,3,0.3
2026-05-19 01:01:51.863857,11,1.56,0.74,2,0.2
2026-05-19 02:01:51.863857,33,23.28,25.7,3,0.3
2026-05-19 03:01:51.863857,31,28.14,28.97,3,0.3
2026-05-19 04:01:51.863857,35,18.65,19.22,1,0.1
2026-05-19 05:01:51.863857,48,41.43,29.12,4,0.4
2026-05-19 06:01:51.863857,16,20.73,8.5,1,0.1
2026-05-19 07:01:51.863857,24,18.57,3.82,3,0.3
2026-05-19 08:01:51.863857,30,26.86,16.09,2,0.2
2026-05-19 09:01:51.863857,65,47.27,38.95,3,0.3
2026-05-19 10:01:51.863857,90,70.76,51.6,6,0.6
2026-05-19 11:01:51.863857,89,74.49,54.56,5,0.5
2026-05-19 12:01:51.863857,73,56.22,43.81,5,0.5
2026-05-19 13:01:51.863857,90,63.82,54.32,5,0.5
2026-05-19 14:01:51.863857,95,78.79,57.17,5,0.5
2026-05-19 15:01:51.863857,67,56.53,43.73,5,0.5
2026-05-19 16:01:51.863857,77,56.36,50.54,3,0.3
2026-05-19 17:01:51.863857,75,58.17,44.25,5,0.5
2026-05-19 18:01:51.863857,72,60.42,44.07,5,0.5
2026-05-19 19:01:51.863857,12,10.59,8.14,1,0.1
2026-05-19 20:01:51.863857,14,5.08,5.41,2,0.2
2026-05-19 21:01:51.863857,82,66.4,43.62,6,0.6
2026-05-19 22:01:51.863857,34,16.51,19.42,2,0.2
2026-05-19 23:01:51.863857,17,16.69,11.93,1,0.1
2026-05-20 00:01:51.863857,39,38.89,30.47,1,0.1
2026-05-20 01:01:51.863857,35,36.32,18.62,2,0.2
2026-05-20 02:01:51.863857,24,29.19,15.88,2,0.2
2026-05-20 03:01:51.863857,36,28.89,9.61,2,0.2
2026-05-20 04:01:51.863857,38,33.09,23.45,2,0.2
2026-05-20 05:01:51.863857,36,32.66,19.43,1,0.1
2026-05-20 06:01:51.863857,37,32.71,25.46,2,0.2
2026-05-20 07:01:51.863857,15,14.55,13.51,1,0.1
2026-05-20 08:01:51.863857,23,16.34,11.06,1,0.1
2026-05-20 09:01:51.863857,93,79.09,48.15,5,0.5
2026-05-20 10:01:51.863857,99,76.74,56.26,4,0.4
2026-05-20 11:01:51.863857,89,70.94,56.67,5,0.5
2026-05-20 12:01:51.863857,84,75.56,48.5,4,0.4
2026-05-20 13:01:51.863857,75,59.7,44.64,5,0.5
2026-05-20 14:01:51.863857,89,72.91,53.29,5,0.5
2026-05-20 15:01:51.863857,82,68.0,49.93,5,0.5
2026-05-20 16:01:51.863857,82,77.54,56.42,6,0.6
2026-05-20 17:01:51.863857,72,58.7,40.82,3,0.3
2026-05-20 18:01:51.863857,96,90.64,56.34,5,0.5
2026-05-20 19:01:51.863857,30,27.06,14.17,2,0.2
2026-05-20 20:01:51.863857,10,3.33,9.37,1,0.1
2026-05-20 21:01:51.863857,30,32.94,15.83,2,0.2
2026-05-20 22:01:51.863857,29,18.19,22.57,3,0.3
2026-05-20 23:01:51.863857,37,27.48,24.19,2,0.2
2026-05-21 00:01:51.863857,82,66.04,44.16,4,0.4
2026-05-21 01:01:51.863857,13,13.79,8.45,1,0.1
2026-05-21 02:01:51.863857,31,24.9,23.06,1,0.1
2026-05-21 03:01:51.863857,32,17.77,21.24,3,0.3
2026-05-21 04:01:51.863857,34,23.4,16.85,3,0.3
2026-05-21 05:01:51.863857,19,8.67,8.71,1,0.1
2026-05-21 06:01:51.863857,18,19.64,15.85,1,0.1
2026-05-21 07:01:51.863857,33,30.53,25.98,2,0.2
2026-05-21 08:01:51.863857,21,19.05,17.17,3,0.3
2026-05-21 09:01:51.863857,66,60.65,38.07,5,0.5
2026-05-21 10:01:51.863857,61,42.88,34.68,4,0.4
2026-05-21 11:01:51.863857,99,80.9,56.5,4,0.4
2026-05-21 12:01:51.863857,95,74.01,64.72,6,0.6
2026-05-21 13:01:51.863857,61,54.69,33.22,3,0.3
2026-05-21 14:01:51.863857,97,76.03,59.5,6,0.6
2026-05-21 15:01:51.863857,98,81.36,55.69,5,0.5
2026-05-21 16:01:51.863857,77,56.93,46.59,5,0.5
2026-05-21 17:01:51.863857,64,51.36,37.59,4,0.4
2026-05-21 18:01:51.863857,74,62.25,42.74,3,0.3
2026-05-21 19:01:51.863857,35,25.86,27.7,2,0.2
2026-05-21 20:01:51.863857,37,33.54,15.13,1,0.1
2026-05-21 21:01:51.863857,34,40.05,17.28,3,0.3
2026-05-21 22:01:51.863857,13,15.1,13.08,1,0.1
2026-05-21 23:01:51.863857,29,10.89,7.5,1,0.1
2026-05-22 00:01:51.863857,32,23.98,25.88,1,0.1
2026-05-22 01:01:51.863857,11,1.27,6.35,1,0.1
2026-05-22 02:01:51.863857,41,31.33,22.37,2,0.2
2026-05-22 03:01:51.863857,31,16.38,24.2,3,0.3
2026-05-22 04:01:51.863857,34,20.9,15.37,3,0.3
2026-05-22 05:01:51.863857,13,6.78,9.63,2,0.2
2026-05-22 06:01:51.863857,19,14.19,7.23,2,0.2
2026-05-22 07:01:51.863857,28,17.97,20.55,2,0.2
2026-05-22 08:01:51.863857,23,11.97,16.04,2,0.2
2026-05-22 09:01:51.863857,77,64.78,43.82,3,0.3
2026-05-22 10:01:51.863857,97,81.18,56.23,4,0.4
2026-05-22 11:01:51.863857,100,82.43,72.64,5,0.5
2026-05-22 12:01:51.863857,76,57.83,54.82,5,0.5
2026-05-22 13:01:51.863857,64,46.98,37.53,4,0.4
2026-05-22 14:01:51.863857,85,66.2,48.44,4,0.4
2026-05-22 15:01:51.863857,79,57.08,42.94,3,0.3
2026-05-22 16:01:51.863857,81,69.21,51.18,5,0.5
2026-05-22 17:01:51.863857,64,46.48,45.31,5,0.5
2026-05-22 18:01:51.863857,64,46.31,35.34,3,0.3
2026-05-22 19:01:51.863857,33,35.78,13.65,1,0.1
2026-05-22 20:01:51.863857,19,19.12,13.28,1,0.1
2026-05-22 21:01:51.863857,13,0.62,0.97,1,0.1
2026-05-22 22:01:51.863857,14,14.02,13.71,2,0.2
2026-05-22 23:01:51.863857,17,4.07,17.25,1,0.1
2026-05-23 00:01:51.863857,79,65.8,44.33,5,0.5
2026-05-23 01:01:51.863857,44,33.29,30.1,3,0.3
2026-05-23 02:01:51.863857,75,61.6,48.48,3,0.3
2026-05-23 03:01:51.863857,69,54.58,45.12,4,0.4
2026-05-23 04:01:51.863857,53,39.74,34.91,2,0.2
2026-05-23 05:01:51.863857,40,34.05,22.82,3,0.3
2026-05-23 06:01:51.863857,48,43.93,30.0,2,0.2
2026-05-23 07:01:51.863857,51,48.23,25.93,3,0.3
2026-05-23 08:01:51.863857,93,79.17,52.35,5,0.5
2026-05-23 09:01:51.863857,133,98.94,86.28,8,0.8
2026-05-23 10:01:51.863857,95,70.49,60.68,6,0.6
2026-05-23 11:01:51.863857,136,100.0,84.14,7,0.7
2026-05-23 12:01:51.863857,117,94.48,65.08,6,0.6
2026-05-23 13:01:51.863857,105,82.94,61.73,5,0.5
2026-05-23 14:01:51.863857,107,83.58,54.31,7,0.7
2026-05-23 15:01:51.863857,119,99.34,71.17,6,0.6
2026-05-23 16:01:51.863857,127,100.0,74.0,6,0.6
2026-05-23 17:01:51.863857,104,75.21,60.48,5,0.5
2026-05-23 18:01:51.863857,93,68.46,58.01,4,0.4
2026-05-23 19:01:51.863857,49,38.48,27.23,3,0.3
2026-05-23 20:01:51.863857,74,55.98,49.22,4,0.4
2026-05-23 21:01:51.863857,62,43.15,35.69,4,0.4
2026-05-23 22:01:51.863857,47,37.34,24.15,4,0.4
2026-05-23 23:01:51.863857,52,39.75,34.7,2,0.2
2026-05-24 00:01:51.863857,59,49.98,34.27,3,0.3
2026-05-24 01:01:51.863857,44,38.24,23.39,3,0.3
2026-05-24 02:01:51.863857,57,51.71,30.66,3,0.3
2026-05-24 03:01:51.863857,42,34.56,20.81,3,0.3
2026-05-24 04:01:51.863857,75,54.01,44.18,3,0.3
2026-05-24 05:01:51.863857,53,38.87,40.56,4,0.4
2026-05-24 06:01:51.863857,50,31.95,33.77,4,0.4
2026-05-24 07:01:51.863857,37,31.04,28.03,2,0.2
2026-05-24 08:01:51.863857,36,25.34,15.64,1,0.1
2026-05-24 09:01:51.863857,154,100.0,90.88,9,0.9
2026-05-24 10:01:51.863857,131,100.0,76.34,8,0.8
2026-05-24 11:01:51.863857,87,69.92,58.23,4,0.4
2026-05-24 12:01:51.863857,132,100.0,82.41,8,0.8
2026-05-24 13:01:51.863857,106,76.34,67.58,6,0.6
2026-05-24 14:01:51.863857,91,77.88,48.74,4,0.4
2026-05-24 15:01:51.863857,112,90.51,71.66,7,0.7
2026-05-24 16:01:51.863857,116,88.48,79.8,6,0.6
2026-05-24 17:01:51.863857,105,79.15,60.52,6,0.6
2026-05-24 18:01:51.863857,97,77.22,65.68,4,0.4
2026-05-24 19:01:51.863857,53,36.23,28.5,4,0.4
2026-05-24 20:01:51.863857,53,44.91,31.66,3,0.3
2026-05-24 21:01:51.863857,48,34.27,30.76,2,0.2
2026-05-24 22:01:51.863857,58,49.66,40.78,2,0.2
2026-05-24 23:01:51.863857,56,46.9,40.12,3,0.3
2026-05-25 00:01:51.863857,31,31.32,19.28,1,0.1
2026-05-25 01:01:51.863857,30,32.08,15.87,1,0.1
2026-05-25 02:01:51.863857,21,19.13,9.94,1,0.1
2026-05-25 03:01:51.863857,17,15.25,8.58,2,0.2
2026-05-25 04:01:51.863857,54,50.47,29.1,2,0.2
2026-05-25 05:01:51.863857,20,10.05,15.07,3,0.3
2026-05-25 06:01:51.863857,13,17.22,10.18,1,0.1
2026-05-25 07:01:51.863857,31,23.66,23.2,1,0.1
2026-05-25 08:01:51.863857,30,23.82,27.52,3,0.3
2026-05-25 09:01:51.863857,78,59.17,41.76,4,0.4
2026-05-25 10:01:51.863857,74,60.6,44.31,5,0.5
2026-05-25 11:01:51.863857,79,72.25,43.28,4,0.4
2026-05-25 12:01:51.863857,67,50.23,29.11,3,0.3
2026-05-25 13:01:51.863857,62,54.06,36.77,4,0.4
2026-05-25 14:01:51.863857,84,64.26,51.36,5,0.5
2026-05-25 15:01:51.863857,78,62.92,46.92,4,0.4
2026-05-25 16:01:51.863857,92,80.91,55.21,6,0.6
2026-05-25 17:01:51.863857,72,51.83,36.78,3,0.3
2026-05-25 18:01:51.863857,92,76.39,49.74,4,0.4
2026-05-25 19:01:51.863857,28,24.54,6.83,2,0.2
2026-05-25 20:01:51.863857,28,21.83,24.13,2,0.2
2026-05-25 21:01:51.863857,39,27.14,17.6,1,0.1
2026-05-25 22:01:51.863857,17,15.25,8.34,1,0.1
2026-05-25 23:01:51.863857,22,18.05,16.18,1,0.1
2026-05-26 00:01:51.863857,35,29.15,30.08,3,0.3
2026-05-26 01:01:51.863857,16,11.63,7.6,1,0.1
2026-05-26 02:01:51.863857,33,28.2,23.56,1,0.1
2026-05-26 03:01:51.863857,35,29.75,18.2,1,0.1
2026-05-26 04:01:51.863857,16,20.59,12.41,1,0.1
2026-05-26 05:01:51.863857,23,19.36,22.18,1,0.1
2026-05-26 06:01:51.863857,36,32.91,23.28,2,0.2
2026-05-26 07:01:51.863857,21,23.94,14.46,1,0.1
2026-05-26 08:01:51.863857,38,24.66,21.72,1,0.1
2026-05-26 09:01:51.863857,97,89.13,53.12,5,0.5
2026-05-26 10:01:51.863857,70,54.61,41.78,5,0.5
2026-05-26 11:01:51.863857,74,56.15,42.47,5,0.5
2026-05-26 12:01:51.863857,72,58.17,43.21,5,0.5
2026-05-26 13:01:51.863857,79,60.33,51.95,4,0.4
2026-05-26 14:01:51.863857,92,65.16,52.2,6,0.6
2026-05-26 15:01:51.863857,86,63.71,47.53,5,0.5
2026-05-26 16:01:51.863857,60,58.83,41.27,3,0.3
2026-05-26 17:01:51.863857,89,66.21,47.29,6,0.6
2026-05-26 18:01:51.863857,63,47.12,37.29,5,0.5
2026-05-26 19:01:51.863857,24,17.2,16.92,3,0.3
2026-05-26 20:01:51.863857,33,32.61,19.92,1,0.1
2026-05-26 21:01:51.863857,14,20.73,9.17,1,0.1
2026-05-26 22:01:51.863857,31,23.59,21.11,1,0.1
2026-05-26 23:01:51.863857,30,33.09,18.49,2,0.2
2026-05-27 00:01:51.863857,16,18.97,14.64,2,0.2
2026-05-27 01:01:51.863857,39,29.18,27.51,2,0.2
2026-05-27 02:01:51.863857,14,18.49,8.81,1,0.1
2026-05-27 03:01:51.863857,32,25.41,20.45,1,0.1
2026-05-27 04:01:51.863857,31,29.56,18.17,3,0.3
2026-05-27 05:01:51.863857,22,11.6,15.44,1,0.1
2026-05-27 06:01:51.863857,18,4.4,17.57,1,0.1
2026-05-27 07:01:51.863857,22,12.81,17.52,1,0.1
2026-05-27 08:01:51.863857,32,33.18,26.23,2,0.2
2026-05-27 09:01:51.863857,89,68.04,58.28,4,0.4
2026-05-27 10:01:51.863857,110,91.91,53.33,7,0.7
2026-05-27 11:01:51.863857,79,73.02,49.06,3,0.3
2026-05-27 12:01:51.863857,70,52.84,48.89,5,0.5
2026-05-27 13:01:51.863857,60,54.58,33.31,4,0.4
2026-05-27 14:01:51.863857,64,53.05,34.12,5,0.5
2026-05-27 15:01:51.863857,67,54.81,35.36,3,0.3
2026-05-27 16:01:51.863857,116,88.43,70.38,7,0.7
2026-05-27 17:01:51.863857,96,82.17,55.74,5,0.5
2026-05-27 18:01:51.863857,62,56.75,42.42,5,0.5
2026-05-27 19:01:51.863857,33,26.09,11.87,3,0.3
2026-05-27 20:01:51.863857,38,29.95,34.54,3,0.3
2026-05-27 21:01:51.863857,25,23.32,18.03,1,0.1
2026-05-27 22:01:51.863857,33,16.92,26.05,2,0.2
2026-05-27 23:01:51.863857,18,18.74,11.94,1,0.1
2026-05-28 00:01:51.863857,31,20.35,13.8,2,0.2
2026-05-28 01:01:51.863857,26,22.76,10.43,2,0.2
2026-05-28 02:01:51.863857,35,25.07,29.13,2,0.2
2026-05-28 03:01:51.863857,18,10.7,11.67,2,0.2
2026-05-28 04:01:51.863857,17,5.13,12.6,2,0.2
2026-05-28 05:01:51.863857,21,18.51,10.98,3,0.3
2026-05-28 06:01:51.863857,30,32.37,13.5,1,0.1
2026-05-28 07:01:51.863857,23,12.54,12.24,2,0.2
2026-05-28 08:01:51.863857,22,16.65,16.96,1,0.1
2026-05-28 09:01:51.863857,92,74.53,56.14,4,0.4
2026-05-28 10:01:51.863857,90,68.67,58.19,5,0.5
2026-05-28 11:01:51.863857,98,74.92,68.76,5,0.5
2026-05-28 12:01:51.863857,88,71.27,48.55,4,0.4
2026-05-28 13:01:51.863857,63,46.28,42.87,4,0.4
2026-05-28 14:01:51.863857,67,57.72,35.62,5,0.5
2026-05-28 15:01:51.863857,66,49.32,32.77,4,0.4
2026-05-28 16:01:51.863857,91,68.88,58.04,6,0.6
2026-05-28 17:01:51.863857,81,71.61,48.92,5,0.5
2026-05-28 18:01:51.863857,95,77.23,55.72,5,0.5
2026-05-28 19:01:51.863857,37,21.08,21.78,1,0.1
2026-05-28 20:01:51.863857,19,18.55,15.43,2,0.2
2026-05-28 21:01:51.863857,64,46.57,36.08,4,0.4
2026-05-28 22:01:51.863857,16,7.64,10.29,1,0.1
2026-05-28 23:01:51.863857,36,33.14,26.59,2,0.2
2026-05-29 00:01:51.863857,21,18.18,15.43,3,0.3
2026-05-29 01:01:51.863857,30,25.31,24.17,2,0.2
2026-05-29 02:01:51.863857,33,31.88,12.43,2,0.2
2026-05-29 03:01:51.863857,18,6.58,9.86,1,0.1
2026-05-29 04:01:51.863857,12,17.22,9.04,1,0.1
2026-05-29 05:01:51.863857,26,16.23,15.78,3,0.3
2026-05-29 06:01:51.863857,49,44.14,31.7,3,0.3
2026-05-29 07:01:51.863857,35,16.69,22.16,3,0.3
2026-05-29 08:01:51.863857,14,18.08,11.38,2,0.2
2026-05-29 09:01:51.863857,71,52.42,40.13,5,0.5
2026-05-29 10:01:51.863857,66,58.66,41.67,4,0.4
2026-05-29 11:01:51.863857,88,69.83,60.8,5,0.5
2026-05-29 12:01:51.863857,80,65.39,39.87,6,0.6
2026-05-29 13:01:51.863857,109,96.11,62.14,6,0.6
2026-05-29 14:01:51.863857,65,53.69,33.33,5,0.5
2026-05-29 15:01:51.863857,92,69.39,59.89,6,0.6
2026-05-29 16:01:51.863857,66,50.72,31.91,3,0.3
2026-05-29 17:01:51.863857,73,60.62,45.97,3,0.3
2026-05-29 18:01:51.863857,97,85.83,57.31,4,0.4
2026-05-29 19:01:51.863857,27,22.48,3.69,3,0.3
2026-05-29 20:01:51.863857,13,10.25,8.4,1,0.1
2026-05-29 21:01:51.863857,36,22.34,24.17,2,0.2
2026-05-29 22:01:51.863857,29,25.11,15.11,3,0.3
2026-05-29 23:01:51.863857,35,25.84,15.44,3,0.3
2026-05-30 00:01:51.863857,60,47.11,39.76,5,0.5
2026-05-30 01:01:51.863857,85,70.06,49.63,6,0.6
2026-05-30 02:01:51.863857,63,63.98,30.04,4,0.4
2026-05-30 03:01:51.863857,56,45.19,38.88,4,0.4
2026-05-30 04:01:51.863857,40,29.1,35.29,4,0.4
2026-05-30 05:01:51.863857,68,62.02,37.49,3,0.3
2026-05-30 06:01:51.863857,54,43.65,28.91,2,0.2
2026-05-30 07:01:51.863857,82,75.6,43.93,4,0.4
2026-05-30 08:01:51.863857,45,39.68,30.09,2,0.2
2026-05-30 09:01:51.863857,121,96.02,71.16,6,0.6
2026-05-30 10:01:51.863857,111,92.02,72.3,6,0.6
2026-05-30 11:01:51.863857,112,80.79,58.37,5,0.5
2026-05-30 12:01:51.863857,96,71.4,54.72,5,0.5
2026-05-30 13:01:51.863857,103,83.76,66.95,6,0.6
2026-05-30 14:01:51.863857,112,92.05,67.48,6,0.6
2026-05-30 15:01:51.863857,97,65.38,58.18,6,0.6
2026-05-30 16:01:51.863857,122,96.05,75.21,7,0.7
2026-05-30 17:01:51.863857,110,83.79,55.98,7,0.7
2026-05-30 18:01:51.863857,125,100.0,74.01,8,0.8
2026-05-30 19:01:51.863857,74,54.83,37.38,3,0.3
2026-05-30 20:01:51.863857,62,44.61,32.27,5,0.5
2026-05-30 21:01:51.863857,65,50.74,38.05,5,0.5
2026-05-30 22:01:51.863857,51,46.61,29.68,2,0.2
2026-05-30 23:01:51.863857,52,44.15,39.47,3,0.3
2026-05-31 00:01:51.863857,111,84.24,68.45,7,0.7
2026-05-31 01:01:51.863857,61,50.45,32.01,4,0.4
2026-05-31 02:01:51.863857,51,40.3,29.52,4,0.4
2026-05-31 03:01:51.863857,49,42.63,28.09,3,0.3
2026-05-31 04:01:51.863857,78,58.39,46.97,5,0.5
2026-05-31 05:01:51.863857,49,39.15,30.81,2,0.2
2026-05-31 06:01:51.863857,90,73.32,47.58,4,0.4
2026-05-31 07:01:51.863857,35,27.72,20.28,2,0.2
2026-05-31 08:01:51.863857,54,44.93,32.09,3,0.3
2026-05-31 09:01:51.863857,119,100.0,76.03,7,0.7
2026-05-31 10:01:51.863857,180,100.0,100.0,9,0.9
2026-05-31 11:01:51.863857,85,62.21,46.73,6,0.6
2026-05-31 12:01:51.863857,135,100.0,71.26,8,0.8
2026-05-31 13:01:51.863857,117,100.0,65.37,7,0.7
2026-05-31 14:01:51.863857,121,92.12,74.73,6,0.6
2026-05-31 15:01:51.863857,145,100.0,82.12,9,0.9
2026-05-31 16:01:51.863857,144,100.0,83.12,9,0.9
2026-05-31 17:01:51.863857,95,75.14,57.57,6,0.6
2026-05-31 18:01:51.863857,114,96.39,67.02,6,0.6
2026-05-31 19:01:51.863857,74,64.96,46.68,4,0.4
2026-05-31 20:01:51.863857,61,43.18,33.99,4,0.4
2026-05-31 21:01:51.863857,86,69.8,51.26,5,0.5
2026-05-31 22:01:51.863857,51,42.21,32.26,2,0.2
2026-05-31 23:01:51.863857,54,42.42,30.37,4,0.4
2026-06-01 00:01:51.863857,22,12.81,10.02,3,0.3
2026-06-01 01:01:51.863857,26,14.25,23.44,3,0.3
2026-06-01 02:01:51.863857,28,19.85,13.79,1,0.1
2026-06-01 03:01:51.863857,35,37.91,13.3,1,0.1
2026-06-01 04:01:51.863857,13,13.25,8.06,2,0.2
2026-06-01 05:01:51.863857,32,20.88,19.82,3,0.3
2026-06-01 06:01:51.863857,29,31.99,20.2,3,0.3
2026-06-01 07:01:51.863857,30,26.11,12.09,2,0.2
2026-06-01 08:01:51.863857,14,7.22,1.03,1,0.1
2026-06-01 09:01:51.863857,86,69.23,51.82,4,0.4
2026-06-01 10:01:51.863857,82,62.68,40.36,5,0.5
2026-06-01 11:01:51.863857,69,66.39,30.38,4,0.4
2026-06-01 12:01:51.863857,74,70.95,49.15,5,0.5
2026-06-01 13:01:51.863857,85,68.64,47.83,5,0.5
2026-06-01 14:01:51.863857,89,73.81,57.25,4,0.4
2026-06-01 15:01:51.863857,88,68.05,60.29,4,0.4
2026-06-01 16:01:51.863857,64,50.88,38.01,3,0.3
2026-06-01 17:01:51.863857,64,49.09,43.63,5,0.5
2026-06-01 18:01:51.863857,65,54.34,35.66,3,0.3
2026-06-01 19:01:51.863857,32,24.11,16.12,3,0.3
2026-06-01 20:01:51.863857,35,20.55,22.11,3,0.3
2026-06-01 21:01:51.863857,32,27.57,24.36,2,0.2
2026-06-01 22:01:51.863857,15,8.96,6.06,1,0.1
2026-06-01 23:01:51.863857,11,3.58,10.52,1,0.1
2026-06-02 00:01:51.863857,19,17.83,3.07,1,0.1
2026-06-02 01:01:51.863857,21,18.39,17.98,2,0.2
2026-06-02 02:01:51.863857,11,7.21,-0.36,1,0.1
2026-06-02 03:01:51.863857,26,19.1,14.47,2,0.2
2026-06-02 04:01:51.863857,39,35.78,29.33,2,0.2
2026-06-02 05:01:51.863857,38,27.74,35.96,3,0.3
2026-06-02 06:01:51.863857,20,12.57,7.77,3,0.3
2026-06-02 07:01:51.863857,15,5.5,7.18,1,0.1
2026-06-02 08:01:51.863857,34,31.26,14.87,3,0.3
2026-06-02 09:01:51.863857,88,70.22,54.13,5,0.5
2026-06-02 10:01:51.863857,83,65.2,44.48,6,0.6
2026-06-02 11:01:51.863857,82,60.34,50.69,5,0.5
2026-06-02 12:01:51.863857,88,64.09,45.35,4,0.4
2026-06-02 13:01:51.863857,79,55.17,43.72,4,0.4
2026-06-02 14:01:51.863857,93,75.04,50.83,5,0.5
2026-06-02 15:01:51.863857,73,54.1,50.3,3,0.3
2026-06-02 16:01:51.863857,69,56.13,34.05,3,0.3
2026-06-02 17:01:51.863857,63,40.71,38.43,3,0.3
2026-06-02 18:01:51.863857,80,59.19,48.0,5,0.5
2026-06-02 19:01:51.863857,18,15.23,15.63,1,0.1
2026-06-02 20:01:51.863857,19,7.4,21.99,1,0.1
2026-06-02 21:01:51.863857,12,13.3,0.98,1,0.1
2026-06-02 22:01:51.863857,17,14.12,0.35,1,0.1
2026-06-02 23:01:51.863857,10,11.16,8.16,1,0.1
2026-06-03 00:01:51.863857,18,19.61,8.56,1,0.1
2026-06-03 01:01:51.863857,17,16.96,19.42,2,0.2
2026-06-03 02:01:51.863857,22,16.06,6.47,2,0.2
2026-06-03 03:01:51.863857,23,21.43,11.83,1,0.1
2026-06-03 04:01:51.863857,24,17.26,17.96,3,0.3
2026-06-03 05:01:51.863857,35,21.51,13.69,1,0.1
2026-06-03 06:01:51.863857,33,28.17,21.77,1,0.1
2026-06-03 07:01:51.863857,32,21.7,30.26,3,0.3
2026-06-03 08:01:51.863857,18,14.81,12.25,1,0.1
2026-06-03 09:01:51.863857,93,72.0,63.95,4,0.4
2026-06-03 10:01:51.863857,72,59.93,37.43,3,0.3
2026-06-03 11:01:51.863857,61,43.11,33.01,3,0.3
2026-06-03 12:01:51.863857,71,57.77,36.16,4,0.4
2026-06-03 13:01:51.863857,128,94.41,73.56,8,0.8
2026-06-03 14:01:51.863857,60,54.36,29.38,5,0.5
2026-06-03 15:01:51.863857,97,73.57,57.81,6,0.6
2026-06-03 16:01:51.863857,64,54.01,36.06,5,0.5
2026-06-03 17:01:51.863857,86,66.17,53.6,5,0.5
2026-06-03 18:01:51.863857,74,52.25,45.81,5,0.5
2026-06-03 19:01:51.863857,22,10.87,11.42,1,0.1
2026-06-03 20:01:51.863857,36,33.78,17.81,1,0.1
2026-06-03 21:01:51.863857,12,6.99,0.99,1,0.1
2026-06-03 22:01:51.863857,17,20.01,0.75,1,0.1
2026-06-03 23:01:51.863857,35,30.29,27.76,3,0.3
2026-06-04 00:01:51.863857,20,21.99,10.57,3,0.3
2026-06-04 01:01:51.863857,20,22.5,8.43,3,0.3
2026-06-04 02:01:51.863857,33,32.47,20.33,1,0.1
2026-06-04 03:01:51.863857,11,10.35,1.02,1,0.1
2026-06-04 04:01:51.863857,16,5.88,9.68,1,0.1
2026-06-04 05:01:51.863857,15,7.29,9.97,1,0.1
2026-06-04 06:01:51.863857,23,21.83,13.78,2,0.2
2026-06-04 07:01:51.863857,14,15.01,10.33,1,0.1
2026-06-04 08:01:51.863857,26,19.58,11.78,3,0.3
2026-06-04 09:01:51.863857,61,46.22,36.63,4,0.4
2026-06-04 10:01:51.863857,88,71.41,55.11,6,0.6
2026-06-04 11:01:51.863857,97,69.53,70.34,6,0.6
2026-06-04 12:01:51.863857,85,74.09,56.17,6,0.6
2026-06-04 13:01:51.863857,95,71.84,57.48,4,0.4
2026-06-04 14:01:51.863857,84,59.31,46.15,6,0.6
2026-06-04 15:01:51.863857,89,77.26,50.87,5,0.5
2026-06-04 16:01:51.863857,98,83.74,58.36,5,0.5
2026-06-04 17:01:51.863857,60,49.7,39.02,5,0.5
2026-06-04 18:01:51.863857,60,46.57,32.29,3,0.3
2026-06-04 19:01:51.863857,37,32.75,19.25,3,0.3
2026-06-04 20:01:51.863857,14,9.69,9.36,1,0.1
2026-06-04 21:01:51.863857,29,18.84,23.04,3,0.3
2026-06-04 22:01:51.863857,32,24.37,11.61,2,0.2
2026-06-04 23:01:51.863857,20,19.86,19.5,3,0.3
2026-06-05 00:01:51.863857,20,21.15,20.67,3,0.3
2026-06-05 01:01:51.863857,11,4.26,8.86,2,0.2
2026-06-05 02:01:51.863857,23,14.56,18.8,1,0.1
2026-06-05 03:01:51.863857,29,19.36,13.59,2,0.2
2026-06-05 04:01:51.863857,21,16.21,17.76,2,0.2
2026-06-05 05:01:51.863857,15,11.36,1.95,1,0.1
2026-06-05 06:01:51.863857,62,50.59,42.0,4,0.4
2026-06-05 07:01:51.863857,11,7.08,9.9,2,0.2
2026-06-05 08:01:51.863857,36,21.95,18.13,3,0.3
2026-06-05 09:01:51.863857,95,64.76,51.37,5,0.5
2026-06-05 10:01:51.863857,114,97.47,74.66,5,0.5
2026-06-05 11:01:51.863857,75,67.78,49.66,3,0.3
2026-06-05 12:01:51.863857,74,47.24,43.67,4,0.4
2026-06-05 13:01:51.863857,61,59.05,36.56,3,0.3
2026-06-05 14:01:51.863857,69,60.93,52.6,3,0.3
2026-06-05 15:01:51.863857,88,74.69,50.6,6,0.6
2026-06-05 16:01:51.863857,63,55.69,37.4,4,0.4
2026-06-05 17:01:51.863857,85,66.71,48.51,5,0.5
2026-06-05 18:01:51.863857,85,67.41,55.91,5,0.5
2026-06-05 19:01:51.863857,11,9.79,7.6,1,0.1
2026-06-05 20:01:51.863857,22,19.04,6.89,1,0.1
2026-06-05 21:01:51.863857,25,19.76,22.27,1,0.1
2026-06-05 22:01:51.863857,39,26.28,36.2,3,0.3
2026-06-05 23:01:51.863857,15,6.44,1.01,2,0.2
2026-06-06 00:01:51.863857,59,47.18,43.93,4,0.4
2026-06-06 01:01:51.863857,38,28.45,29.45,2,0.2
2026-06-06 02:01:51.863857,63,45.12,34.14,5,0.5
2026-06-06 03:01:51.863857,75,59.64,40.75,3,0.3
2026-06-06 04:01:51.863857,57,42.85,31.23,2,0.2
2026-06-06 05:01:51.863857,71,60.23,47.02,3,0.3
2026-06-06 06:01:51.863857,54,37.65,31.07,4,0.4
2026-06-06 07:01:51.863857,53,48.75,38.28,4,0.4
2026-06-06 08:01:51.863857,44,41.01,30.91,4,0.4
2026-06-06 09:01:51.863857,98,74.33,54.95,5,0.5
2026-06-06 10:01:51.863857,127,99.32,78.51,8,0.8
2026-06-06 11:01:51.863857,122,90.39,69.08,8,0.8
2026-06-06 12:01:51.863857,91,69.24,57.58,4,0.4
2026-06-06 13:01:51.863857,100,81.34,61.07,6,0.6
2026-06-06 14:01:51.863857,108,81.5,68.1,7,0.7
2026-06-06 15:01:51.863857,156,100.0,89.12,7,0.7
2026-06-06 16:01:51.863857,126,100.0,81.01,7,0.7
2026-06-06 17:01:51.863857,121,90.57,74.95,7,0.7
2026-06-06 18:01:51.863857,110,87.85,68.62,6,0.6
2026-06-06 19:01:51.863857,63,47.37,28.97,4,0.4
2026-06-06 20:01:51.863857,66,54.45,33.55,4,0.4
2026-06-06 21:01:51.863857,82,63.82,54.64,4,0.4
2026-06-06 22:01:51.863857,72,57.9,39.72,5,0.5
2026-06-06 23:01:51.863857,100,74.88,58.57,5,0.5
2026-06-07 00:01:51.863857,59,49.18,35.93,2,0.2
2026-06-07 01:01:51.863857,71,56.98,37.17,3,0.3
2026-06-07 02:01:51.863857,53,44.39,28.11,2,0.2
2026-06-07 03:01:51.863857,60,46.05,29.42,5,0.5
2026-06-07 04:01:51.863857,64,38.74,41.7,5,0.5
2026-06-07 05:01:51.863857,62,51.31,40.15,3,0.3
2026-06-07 06:01:51.863857,93,73.86,54.41,6,0.6
2026-06-07 07:01:51.863857,42,25.85,25.99,2,0.2
2026-06-07 08:01:51.863857,65,48.8,30.94,5,0.5
2026-06-07 09:01:51.863857,112,93.07,71.89,5,0.5
2026-06-07 10:01:51.863857,125,100.0,78.78,6,0.6
2026-06-07 11:01:51.863857,130,100.0,80.47,8,0.8
2026-06-07 12:01:51.863857,105,78.53,61.17,5,0.5
2026-06-07 13:01:51.863857,107,73.89,65.7,6,0.6
2026-06-07 14:01:51.863857,122,100.0,71.03,7,0.7
2026-06-07 15:01:51.863857,122,100.0,77.22,6,0.6
2026-06-07 16:01:51.863857,125,100.0,71.06,6,0.6
2026-06-07 17:01:51.863857,94,76.83,62.3,5,0.5
2026-06-07 18:01:51.863857,117,88.2,75.78,6,0.6
2026-06-07 19:01:51.863857,55,41.98,40.52,3,0.3
2026-06-07 20:01:51.863857,68,53.66,43.13,4,0.4
2026-06-07 21:01:51.863857,51,40.13,26.72,4,0.4
2026-06-07 22:01:51.863857,65,49.42,40.27,3,0.3
2026-06-07 23:01:51.863857,78,63.36,48.45,3,0.3
2026-06-08 00:01:51.863857,30,12.7,18.53,1,0.1
2026-06-08 01:01:51.863857,66,45.38,38.16,5,0.5
2026-06-08 02:01:51.863857,28,20.95,20.38,3,0.3
2026-06-08 03:01:51.863857,13,4.67,16.01,2,0.2
2026-06-08 04:01:51.863857,43,33.24,24.9,2,0.2
2026-06-08 05:01:51.863857,25,29.32,17.46,3,0.3
2026-06-08 06:01:51.863857,28,24.28,12.48,1,0.1
2026-06-08 07:01:51.863857,69,52.67,35.73,5,0.5
2026-06-08 08:01:51.863857,12,9.58,11.5,1,0.1
2026-06-08 09:01:51.863857,67,52.67,51.06,4,0.4
2026-06-08 10:01:51.863857,92,80.82,46.84,4,0.4
2026-06-08 11:01:51.863857,71,60.93,38.88,4,0.4
2026-06-08 12:01:51.863857,68,57.3,41.29,4,0.4
2026-06-08 13:01:51.863857,89,64.96,54.85,6,0.6
2026-06-08 14:01:51.863857,97,84.14,51.89,4,0.4
2026-06-08 15:01:51.863857,89,70.31,48.99,4,0.4
2026-06-08 16:01:51.863857,78,64.62,39.17,4,0.4
2026-06-08 17:01:51.863857,68,57.69,28.3,3,0.3
2026-06-08 18:01:51.863857,140,100.0,84.97,7,0.7
2026-06-08 19:01:51.863857,39,38.37,29.0,3,0.3
2026-06-08 20:01:51.863857,17,16.41,0.39,2,0.2
2026-06-08 21:01:51.863857,31,31.42,18.43,1,0.1
2026-06-08 22:01:51.863857,33,11.67,27.82,1,0.1
2026-06-08 23:01:51.863857,36,27.69,15.08,1,0.1
2026-06-09 00:01:51.863857,31,28.15,16.53,3,0.3
2026-06-09 01:01:51.863857,66,58.9,48.29,5,0.5
2026-06-09 02:01:51.863857,29,16.63,18.72,3,0.3
2026-06-09 03:01:51.863857,28,21.44,10.1,1,0.1
2026-06-09 04:01:51.863857,22,17.76,11.29,1,0.1
2026-06-09 05:01:51.863857,27,21.37,10.82,3,0.3
2026-06-09 06:01:51.863857,21,16.49,14.87,2,0.2
2026-06-09 07:01:51.863857,23,16.74,15.38,2,0.2
2026-06-09 08:01:51.863857,12,4.03,9.71,1,0.1
2026-06-09 09:01:51.863857,87,69.3,48.32,5,0.5
2026-06-09 10:01:51.863857,61,48.13,31.33,5,0.5
2026-06-09 11:01:51.863857,95,80.6,62.53,4,0.4
2026-06-09 12:01:51.863857,74,51.59,34.64,4,0.4
2026-06-09 13:01:51.863857,85,62.9,49.1,5,0.5
2026-06-09 14:01:51.863857,83,73.03,44.94,5,0.5
2026-06-09 15:01:51.863857,96,88.14,58.54,6,0.6
2026-06-09 16:01:51.863857,74,61.26,39.33,3,0.3
2026-06-09 17:01:51.863857,83,62.75,55.28,4,0.4
2026-06-09 18:01:51.863857,78,68.49,52.97,3,0.3
2026-06-09 19:01:51.863857,29,21.39,18.29,1,0.1
2026-06-09 20:01:51.863857,11,12.62,4.65,1,0.1
2026-06-09 21:01:51.863857,33,24.56,23.63,2,0.2
2026-06-09 22:01:51.863857,30,21.96,16.78,3,0.3
2026-06-09 23:01:51.863857,17,17.55,0.44,2,0.2
2026-06-10 00:01:51.863857,13,4.57,17.08,1,0.1
2026-06-10 01:01:51.863857,35,31.91,25.62,1,0.1
2026-06-10 02:01:51.863857,33,27.78,21.81,3,0.3
2026-06-10 03:01:51.863857,35,23.66,16.47,3,0.3
2026-06-10 04:01:51.863857,38,30.7,27.64,2,0.2
2026-06-10 05:01:51.863857,23,23.33,15.57,1,0.1
2026-06-10 06:01:51.863857,38,34.7,8.96,3,0.3
2026-06-10 07:01:51.863857,16,11.49,9.65,1,0.1
2026-06-10 08:01:51.863857,31,26.31,15.65,3,0.3
2026-06-10 09:01:51.863857,96,76.33,58.51,5,0.5
2026-06-10 10:01:51.863857,98,86.07,56.82,6,0.6
2026-06-10 11:01:51.863857,101,81.07,54.04,6,0.6
2026-06-10 12:01:51.863857,94,81.69,56.0,6,0.6
2026-06-10 13:01:51.863857,99,75.98,63.74,4,0.4
2026-06-10 14:01:51.863857,84,66.68,56.84,4,0.4
2026-06-10 15:01:51.863857,82,63.4,54.4,4,0.4
2026-06-10 16:01:51.863857,132,100.0,81.89,6,0.6
2026-06-10 17:01:51.863857,92,89.38,57.77,6,0.6
2026-06-10 18:01:51.863857,76,67.88,50.7,3,0.3
2026-06-10 19:01:51.863857,33,24.13,20.8,1,0.1
2026-06-10 20:01:51.863857,22,21.58,9.42,2,0.2
2026-06-10 21:01:51.863857,24,22.76,17.31,1,0.1
2026-06-10 22:01:51.863857,12,5.56,9.6,1,0.1
2026-06-10 23:01:51.863857,34,26.69,13.73,1,0.1
2026-06-11 00:01:51.863857,25,17.38,12.21,1,0.1
2026-06-11 01:01:51.863857,21,21.98,25.71,3,0.3
2026-06-11 02:01:51.863857,20,16.79,13.6,2,0.2
2026-06-11 03:01:51.863857,33,31.64,17.81,2,0.2
2026-06-11 04:01:51.863857,39,28.92,27.89,3,0.3
2026-06-11 05:01:51.863857,35,24.06,15.71,2,0.2
2026-06-11 06:01:51.863857,23,8.59,11.43,3,0.3
2026-06-11 07:01:51.863857,25,24.99,20.91,2,0.2
2026-06-11 08:01:51.863857,29,28.93,16.1,3,0.3
2026-06-11 09:01:51.863857,77,57.36,39.66,3,0.3
2026-06-11 10:01:51.863857,94,79.17,54.6,5,0.5
2026-06-11 11:01:51.863857,78,65.49,52.42,4,0.4
2026-06-11 12:01:51.863857,91,70.4,61.55,5,0.5
2026-06-11 13:01:51.863857,96,77.51,65.62,5,0.5
2026-06-11 14:01:51.863857,91,71.63,61.92,4,0.4
2026-06-11 15:01:51.863857,68,57.56,50.73,3,0.3
2026-06-11 16:01:51.863857,83,71.42,45.28,6,0.6
2026-06-11 17:01:51.863857,79,64.35,43.78,3,0.3
2026-06-11 18:01:51.863857,94,76.19,56.62,6,0.6
2026-06-11 19:01:51.863857,13,13.48,6.28,1,0.1
2026-06-11 20:01:51.863857,15,9.71,0.93,1,0.1
2026-06-11 21:01:51.863857,16,21.65,-0.48,1,0.1
2026-06-11 22:01:51.863857,29,19.83,16.97,1,0.1
2026-06-11 23:01:51.863857,22,17.87,16.34,1,0.1
2026-06-12 00:01:51.863857,19,21.85,8.45,1,0.1
2026-06-12 01:01:51.863857,28,22.23,10.02,2,0.2
2026-06-12 02:01:51.863857,31,30.98,11.27,1,0.1
2026-06-12 03:01:51.863857,27,11.9,11.66,3,0.3
2026-06-12 04:01:51.863857,34,25.64,22.79,2,0.2
2026-06-12 05:01:51.863857,19,19.61,10.28,2,0.2
2026-06-12 06:01:51.863857,28,24.79,16.66,3,0.3
2026-06-12 07:01:51.863857,21,15.78,11.8,2,0.2
2026-06-12 08:01:51.863857,27,24.63,14.8,3,0.3
2026-06-12 09:01:51.863857,81,62.99,49.28,5,0.5
2026-06-12 10:01:51.863857,62,45.43,33.74,3,0.3
2026-06-12 11:01:51.863857,93,75.05,54.09,4,0.4
2026-06-12 12:01:51.863857,96,75.5,55.63,4,0.4
2026-06-12 13:01:51.863857,97,78.52,56.37,4,0.4
2026-06-12 14:01:51.863857,84,57.24,46.86,6,0.6
2026-06-12 15:01:51.863857,77,61.77,42.99,3,0.3
2026-06-12 16:01:51.863857,67,51.87,42.05,4,0.4
2026-06-12 17:01:51.863857,61,46.13,34.45,3,0.3
2026-06-12 18:01:51.863857,80,63.9,40.65,5,0.5
2026-06-12 19:01:51.863857,29,28.59,15.1,3,0.3
2026-06-12 20:01:51.863857,30,31.74,17.66,1,0.1
2026-06-12 21:01:51.863857,10,10.64,4.13,1,0.1
2026-06-12 22:01:51.863857,22,11.47,15.1,3,0.3
2026-06-12 23:01:51.863857,15,21.97,10.41,2,0.2
2026-06-13 00:01:51.863857,42,29.89,23.29,2,0.2
2026-06-13 01:01:51.863857,49,39.0,16.43,4,0.4
2026-06-13 02:01:51.863857,98,80.64,61.82,5,0.5
2026-06-13 03:01:51.863857,67,60.22,34.59,3,0.3
2026-06-13 04:01:51.863857,61,54.66,37.14,4,0.4
2026-06-13 05:01:51.863857,37,29.11,14.62,2,0.2
2026-06-13 06:01:51.863857,53,41.92,28.99,2,0.2
2026-06-13 07:01:51.863857,63,51.53,44.29,5,0.5
2026-06-13 08:01:51.863857,51,39.74,25.79,3,0.3
2026-06-13 09:01:51.863857,121,93.69,64.11,8,0.8
2026-06-13 10:01:51.863857,114,87.18,76.09,6,0.6
2026-06-13 11:01:51.863857,91,69.64,48.65,6,0.6
2026-06-13 12:01:51.863857,131,100.0,86.27,6,0.6
2026-06-13 13:01:51.863857,141,100.0,79.02,8,0.8
2026-06-13 14:01:51.863857,119,99.66,65.01,5,0.5
2026-06-13 15:01:51.863857,116,95.78,64.85,6,0.6
2026-06-13 16:01:51.863857,103,90.66,58.03,6,0.6
2026-06-13 17:01:51.863857,172,100.0,100.0,9,0.9
2026-06-13 18:01:51.863857,107,91.4,66.27,7,0.7
2026-06-13 19:01:51.863857,49,46.46,24.66,2,0.2
2026-06-13 20:01:51.863857,47,32.35,31.62,3,0.3
2026-06-13 21:01:51.863857,38,30.01,13.95,2,0.2
2026-06-13 22:01:51.863857,54,53.31,36.01,4,0.4
2026-06-13 23:01:51.863857,48,41.09,22.61,4,0.4
2026-06-14 00:01:51.863857,77,59.75,47.55,5,0.5
2026-06-14 01:01:51.863857,85,70.81,41.89,5,0.5
2026-06-14 02:01:51.863857,58,51.88,32.66,4,0.4
2026-06-14 03:01:51.863857,65,54.42,44.94,4,0.4
2026-06-14 04:01:51.863857,61,51.62,30.79,4,0.4
2026-06-14 05:01:51.863857,50,32.77,23.61,2,0.2
2026-06-14 06:01:51.863857,54,34.52,31.34,4,0.4
2026-06-14 07:01:51.863857,64,52.07,45.87,4,0.4
2026-06-14 08:01:51.863857,54,40.48,27.01,4,0.4
2026-06-14 09:01:51.863857,123,100.0,65.89,6,0.6
2026-06-14 10:01:51.863857,113,100.0,75.39,6,0.6
2026-06-14 11:01:51.863857,131,100.0,88.4,7,0.7
2026-06-14 12:01:51.863857,91,63.42,50.6,4,0.4
2026-06-14 13:01:51.863857,98,79.94,64.45,4,0.4
2026-06-14 14:01:51.863857,132,93.71,86.55,7,0.7
2026-06-14 15:01:51.863857,120,96.3,70.01,6,0.6
2026-06-14 16:01:51.863857,125,100.0,77.12,7,0.7
2026-06-14 17:01:51.863857,122,98.63,65.61,6,0.6
2026-06-14 18:01:51.863857,95,82.23,61.2,4,0.4
2026-06-14 19:01:51.863857,49,40.24,34.33,4,0.4
2026-06-14 20:01:51.863857,31,25.1,23.56,3,0.3
2026-06-14 21:01:51.863857,58,53.2,27.63,4,0.4
2026-06-14 22:01:51.863857,69,59.12,40.35,5,0.5
2026-06-14 23:01:51.863857,58,46.91,31.03,3,0.3
2026-06-15 00:01:51.863857,16,12.31,1.18,2,0.2
2026-06-15 01:01:51.863857,32,18.97,29.73,2,0.2
2026-06-15 02:01:51.863857,28,28.97,16.77,1,0.1
2026-06-15 03:01:51.863857,31,24.34,11.21,2,0.2
2026-06-15 04:01:51.863857,31,23.71,25.49,2,0.2
2026-06-15 05:01:51.863857,30,32.67,14.89,2,0.2
2026-06-15 06:01:51.863857,39,27.86,26.07,3,0.3
2026-06-15 07:01:51.863857,33,20.08,23.47,1,0.1
2026-06-15 08:01:51.863857,11,7.18,10.03,2,0.2
2026-06-15 09:01:51.863857,80,69.63,47.51,4,0.4
2026-06-15 10:01:51.863857,96,82.5,59.07,6,0.6
2026-06-15 11:01:51.863857,99,81.06,55.73,5,0.5
2026-06-15 12:01:51.863857,120,100.0,68.19,8,0.8
2026-06-15 13:01:51.863857,67,51.16,38.62,5,0.5
2026-06-15 14:01:51.863857,92,71.95,61.34,5,0.5
2026-06-15 15:01:51.863857,115,93.77,62.32,5,0.5
2026-06-15 16:01:51.863857,74,58.43,49.2,5,0.5
2026-06-15 17:01:51.863857,91,68.32,54.25,4,0.4
2026-06-15 18:01:51.863857,91,73.13,50.82,5,0.5
2026-06-15 19:01:51.863857,79,59.84,46.58,4,0.4
2026-06-15 20:01:51.863857,13,9.41,8.12,1,0.1
2026-06-15 21:01:51.863857,25,21.98,6.37,2,0.2
2026-06-15 22:01:51.863857,29,25.36,16.33,3,0.3
2026-06-15 23:01:51.863857,11,12.7,0.76,1,0.1
2026-06-16 00:01:51.863857,34,29.27,21.61,1,0.1
2026-06-16 01:01:51.863857,16,4.11,10.03,1,0.1
2026-06-16 02:01:51.863857,19,14.26,6.21,1,0.1
2026-06-16 03:01:51.863857,38,20.77,26.44,1,0.1
2026-06-16 04:01:51.863857,12,12.5,9.54,2,0.2
2026-06-16 05:01:51.863857,25,12.84,14.65,1,0.1
2026-06-16 06:01:51.863857,25,19.6,11.94,2,0.2
2026-06-16 07:01:51.863857,16,7.12,10.76,2,0.2
2026-06-16 08:01:51.863857,30,32.02,21.4,1,0.1
2026-06-16 09:01:51.863857,90,64.24,61.53,6,0.6
2026-06-16 10:01:51.863857,78,69.01,44.04,5,0.5
2026-06-16 11:01:51.863857,62,58.25,29.74,3,0.3
2026-06-16 12:01:51.863857,98,75.84,56.58,5,0.5
2026-06-16 13:01:51.863857,87,62.49,53.28,5,0.5
2026-06-16 14:01:51.863857,84,63.15,44.14,6,0.6
2026-06-16 15:01:51.863857,89,69.78,61.24,6,0.6
2026-06-16 16:01:51.863857,96,86.98,64.98,6,0.6
2026-06-16 17:01:51.863857,99,80.28,52.46,4,0.4
2026-06-16 18:01:51.863857,86,63.34,49.97,5,0.5
2026-06-16 19:01:51.863857,22,17.05,17.2,3,0.3
2026-06-16 20:01:51.863857,23,22.54,7.91,1,0.1
2026-06-16 21:01:51.863857,14,10.47,8.01,1,0.1
2026-06-16 22:01:51.863857,33,21.85,22.86,1,0.1
2026-06-16 23:01:51.863857,23,16.93,14.8,1,0.1
2026-06-17 00:01:51.863857,24,13.04,17.74,1,0.1
2026-06-17 01:01:51.863857,18,20.25,15.35,1,0.1
2026-06-17 02:01:51.863857,16,11.85,8.98,2,0.2
2026-06-17 03:01:51.863857,10,10.92,1.19,1,0.1
2026-06-17 04:01:51.863857,16,18.66,13.19,1,0.1
2026-06-17 05:01:51.863857,32,22.35,19.49,3,0.3
2026-06-17 06:01:51.863857,13,10.15,5.36,2,0.2
2026-06-17 07:01:51.863857,11,7.83,5.07,1,0.1
2026-06-17 08:01:51.863857,33,26.82,18.13,1,0.1
2026-06-17 09:01:51.863857,92,71.94,55.6,6,0.6
2026-06-17 10:01:51.863857,69,54.6,39.65,3,0.3
2026-06-17 11:01:51.863857,96,82.08,58.64,5,0.5
2026-06-17 12:01:51.863857,79,57.97,48.16,5,0.5
2026-06-17 13:01:51.863857,77,53.46,52.6,4,0.4
2026-06-17 14:01:51.863857,85,66.79,63.9,4,0.4
2026-06-17 15:01:51.863857,112,91.58,65.06,6,0.6
2026-06-17 16:01:51.863857,62,49.23,31.8,3,0.3
2026-06-17 17:01:51.863857,65,51.87,35.14,4,0.4
2026-06-17 18:01:51.863857,93,76.95,60.69,5,0.5
2026-06-17 19:01:51.863857,19,22.15,21.16,1,0.1
2026-06-17 20:01:51.863857,20,9.87,14.17,1,0.1
2026-06-17 21:01:51.863857,29,28.92,16.89,3,0.3
2026-06-17 22:01:51.863857,10,6.12,7.31,1,0.1
2026-06-17 23:01:51.863857,24,23.16,11.54,2,0.2
2026-06-18 00:01:51.863857,38,27.19,31.09,3,0.3
2026-06-18 01:01:51.863857,17,18.52,14.15,1,0.1
2026-06-18 02:01:51.863857,35,31.94,23.3,1,0.1
2026-06-18 03:01:51.863857,38,40.49,23.02,1,0.1
2026-06-18 04:01:51.863857,26,16.68,9.6,3,0.3
2026-06-18 05:01:51.863857,39,29.19,8.43,2,0.2
2026-06-18 06:01:51.863857,12,16.52,9.18,1,0.1
2026-06-18 07:01:51.863857,13,13.11,10.52,1,0.1
2026-06-18 08:01:51.863857,32,30.1,15.35,3,0.3
2026-06-18 09:01:51.863857,95,73.4,53.03,6,0.6
2026-06-18 10:01:51.863857,76,62.73,32.06,5,0.5
2026-06-18 11:01:51.863857,60,43.17,31.94,3,0.3
2026-06-18 12:01:51.863857,84,57.4,54.57,6,0.6
2026-06-18 13:01:51.863857,67,40.26,44.62,5,0.5
2026-06-18 14:01:51.863857,88,76.92,50.62,4,0.4
2026-06-18 15:01:51.863857,62,52.95,35.35,4,0.4
2026-06-18 16:01:51.863857,73,55.79,36.54,3,0.3
2026-06-18 17:01:51.863857,68,59.55,38.44,5,0.5
2026-06-18 18:01:51.863857,94,64.54,61.54,5,0.5
2026-06-18 19:01:51.863857,12,1.71,17.19,1,0.1
2026-06-18 20:01:51.863857,30,16.17,30.93,3,0.3
2026-06-18 21:01:51.863857,24,21.77,11.81,2,0.2
2026-06-18 22:01:51.863857,25,12.95,15.4,1,0.1
2026-06-18 23:01:51.863857,38,32.89,20.15,3,0.3
2026-06-19 00:01:51.863857,13,11.75,13.85,1,0.1
2026-06-19 01:01:51.863857,25,15.5,12.14,2,0.2
2026-06-19 02:01:51.863857,20,7.95,18.33,2,0.2
2026-06-19 03:01:51.863857,11,-3.99,4.67,2,0.2
2026-06-19 04:01:51.863857,13,18.8,-3.92,1,0.1
2026-06-19 05:01:51.863857,39,32.83,26.34,1,0.1
2026-06-19 06:01:51.863857,33,28.98,24.15,3,0.3
2026-06-19 07:01:51.863857,19,16.25,12.15,1,0.1
2026-06-19 08:01:51.863857,14,3.43,7.79,1,0.1
2026-06-19 09:01:51.863857,64,52.08,34.82,4,0.4
2026-06-19 10:01:51.863857,77,63.33,44.51,5,0.5
2026-06-19 11:01:51.863857,84,69.68,57.81,6,0.6
2026-06-19 12:01:51.863857,95,77.62,55.79,4,0.4
2026-06-19 13:01:51.863857,122,94.11,73.11,6,0.6
2026-06-19 14:01:51.863857,92,63.62,53.26,4,0.4
2026-06-19 15:01:51.863857,105,79.96,62.71,6,0.6
2026-06-19 16:01:51.863857,120,94.21,77.7,7,0.7
2026-06-19 17:01:51.863857,78,62.36,45.24,3,0.3
2026-06-19 18:01:51.863857,83,69.01,56.89,6,0.6
2026-06-19 19:01:51.863857,32,29.19,17.52,1,0.1
2026-06-19 20:01:51.863857,39,28.46,27.19,3,0.3
2026-06-19 21:01:51.863857,15,9.51,11.0,2,0.2
2026-06-19 22:01:51.863857,27,25.5,13.66,1,0.1
2026-06-19 23:01:51.863857,10,12.0,8.67,2,0.2
2026-06-20 00:01:51.863857,38,31.25,25.21,3,0.3
2026-06-20 01:01:51.863857,125,100.0,86.32,6,0.6
2026-06-20 02:01:51.863857,57,44.92,38.13,3,0.3
2026-06-20 03:01:51.863857,47,42.6,35.71,2,0.2
2026-06-20 04:01:51.863857,41,26.76,28.04,3,0.3
2026-06-20 05:01:51.863857,50,34.22,24.46,4,0.4
2026-06-20 06:01:51.863857,70,61.51,36.47,5,0.5
2026-06-20 07:01:51.863857,79,52.16,46.09,4,0.4
2026-06-20 08:01:51.863857,53,38.03,31.22,3,0.3
2026-06-20 09:01:51.863857,102,79.52,64.73,5,0.5
2026-06-20 10:01:51.863857,87,67.52,60.73,4,0.4
2026-06-20 11:01:51.863857,110,97.51,64.56,6,0.6
2026-06-20 12:01:51.863857,136,100.0,80.88,8,0.8
2026-06-20 13:01:51.863857,110,92.59,56.23,6,0.6
2026-06-20 14:01:51.863857,135,100.0,78.09,8,0.8
2026-06-20 15:01:51.863857,102,79.26,66.86,7,0.7
2026-06-20 16:01:51.863857,107,92.16,56.29,7,0.7
2026-06-20 17:01:51.863857,135,100.0,77.96,7,0.7
2026-06-20 18:01:51.863857,131,100.0,78.91,6,0.6
2026-06-20 19:01:51.863857,58,42.4,33.69,3,0.3
2026-06-20 20:01:51.863857,38,36.89,17.36,1,0.1
2026-06-20 21:01:51.863857,50,43.3,36.89,2,0.2
2026-06-20 22:01:51.863857,51,35.68,37.71,3,0.3
2026-06-20 23:01:51.863857,68,48.27,44.17,5,0.5
2026-06-21 00:01:51.863857,69,60.03,37.78,3,0.3
2026-06-21 01:01:51.863857,109,78.05,66.61,7,0.7
2026-06-21 02:01:51.863857,61,53.82,34.64,5,0.5
2026-06-21 03:01:51.863857,49,31.77,25.94,3,0.3
2026-06-21 04:01:51.863857,49,38.1,36.65,4,0.4
2026-06-21 05:01:51.863857,52,45.68,31.65,3,0.3
2026-06-21 06:01:51.863857,52,40.15,43.89,4,0.4
2026-06-21 07:01:51.863857,32,19.24,22.77,2,0.2
2026-06-21 08:01:51.863857,52,48.53,28.45,4,0.4
2026-06-21 09:01:51.863857,121,97.1,77.08,7,0.7
2026-06-21 10:01:51.863857,133,100.0,83.34,7,0.7
2026-06-21 11:01:51.863857,85,67.2,45.06,6,0.6
2026-06-21 12:01:51.863857,123,99.95,74.34,8,0.8
2026-06-21 13:01:51.863857,115,85.48,66.74,5,0.5
2026-06-21 14:01:51.863857,113,74.9,69.14,5,0.5
2026-06-21 15:01:51.863857,111,87.94,63.49,7,0.7
2026-06-21 16:01:51.863857,99,75.31,62.62,5,0.5
2026-06-21 17:01:51.863857,107,82.41,68.28,6,0.6
2026-06-21 18:01:51.863857,122,100.0,81.76,6,0.6
2026-06-21 19:01:51.863857,52,39.66,34.97,4,0.4
2026-06-21 20:01:51.863857,60,53.47,23.53,4,0.4
2026-06-21 21:01:51.863857,49,29.3,27.33,4,0.4
2026-06-21 22:01:51.863857,67,42.09,40.06,3,0.3
2026-06-21 23:01:51.863857,55,45.8,31.48,3,0.3
2026-06-22 00:01:51.863857,28,21.13,24.89,1,0.1
2026-06-22 01:01:51.863857,37,32.05,24.56,3,0.3
2026-06-22 02:01:51.863857,30,20.36,21.84,2,0.2
2026-06-22 03:01:51.863857,23,19.44,13.57,1,0.1
2026-06-22 04:01:51.863857,10,4.76,4.35,1,0.1
2026-06-22 05:01:51.863857,34,28.12,27.0,2,0.2
2026-06-22 06:01:51.863857,26,21.54,12.79,3,0.3
2026-06-22 07:01:51.863857,18,11.48,15.48,1,0.1
2026-06-22 08:01:51.863857,23,23.25,11.08,3,0.3
2026-06-22 09:01:51.863857,90,71.88,55.61,4,0.4
2026-06-22 10:01:51.863857,62,51.07,36.22,3,0.3
2026-06-22 11:01:51.863857,76,56.58,45.91,5,0.5
2026-06-22 12:01:51.863857,86,69.46,46.44,4,0.4
2026-06-22 13:01:51.863857,80,62.85,43.19,6,0.6
2026-06-22 14:01:51.863857,77,58.87,45.71,5,0.5
2026-06-22 15:01:51.863857,67,50.14,46.65,4,0.4
2026-06-22 16:01:51.863857,69,57.4,39.86,4,0.4
2026-06-22 17:01:51.863857,66,49.18,47.17,4,0.4
2026-06-22 18:01:51.863857,69,54.2,44.82,3,0.3
2026-06-22 19:01:51.863857,27,25.9,12.04,3,0.3
2026-06-22 20:01:51.863857,11,16.75,3.0,2,0.2
2026-06-22 21:01:51.863857,17,8.4,11.85,1,0.1
2026-06-22 22:01:51.863857,29,22.79,17.12,3,0.3
2026-06-22 23:01:51.863857,34,32.13,19.82,3,0.3
2026-06-23 00:01:51.863857,31,26.48,22.47,2,0.2
2026-06-23 01:01:51.863857,15,18.75,16.69,1,0.1
2026-06-23 02:01:51.863857,29,25.58,18.66,3,0.3
2026-06-23 03:01:51.863857,18,16.16,3.25,1,0.1
2026-06-23 04:01:51.863857,25,21.41,10.71,3,0.3
2026-06-23 05:01:51.863857,34,22.51,26.33,3,0.3
2026-06-23 06:01:51.863857,33,29.11,18.06,2,0.2
2026-06-23 07:01:51.863857,34,25.14,22.27,3,0.3
2026-06-23 08:01:51.863857,17,13.52,4.91,1,0.1
2026-06-23 09:01:51.863857,81,62.13,43.99,4,0.4
2026-06-23 10:01:51.863857,77,65.14,47.66,3,0.3
2026-06-23 11:01:51.863857,81,68.59,47.51,5,0.5
2026-06-23 12:01:51.863857,78,69.45,40.42,4,0.4
2026-06-23 13:01:51.863857,82,60.9,43.93,4,0.4
2026-06-23 14:01:51.863857,98,79.41,57.88,4,0.4
2026-06-23 15:01:51.863857,80,65.47,54.77,6,0.6
2026-06-23 16:01:51.863857,76,64.3,46.22,5,0.5
2026-06-23 17:01:51.863857,83,79.01,56.62,4,0.4
2026-06-23 18:01:51.863857,61,45.85,29.25,4,0.4
2026-06-23 19:01:51.863857,28,24.72,15.88,3,0.3
2026-06-23 20:01:51.863857,19,12.16,11.44,1,0.1
2026-06-23 21:01:51.863857,36,29.26,20.18,3,0.3
2026-06-23 22:01:51.863857,31,14.86,18.75,3,0.3
2026-06-23 23:01:51.863857,29,26.4,12.36,3,0.3
2026-06-24 00:01:51.863857,23,22.23,4.11,2,0.2
2026-06-24 01:01:51.863857,24,15.68,6.73,2,0.2
2026-06-24 02:01:51.863857,39,26.24,21.78,2,0.2
2026-06-24 03:01:51.863857,35,27.08,32.7,1,0.1
2026-06-24 04:01:51.863857,38,28.62,20.65,1,0.1
2026-06-24 05:01:51.863857,27,25.41,19.56,1,0.1
2026-06-24 06:01:51.863857,15,11.74,6.82,1,0.1
2026-06-24 07:01:51.863857,13,8.23,0.32,2,0.2
2026-06-24 08:01:51.863857,38,30.44,22.76,3,0.3
2026-06-24 09:01:51.863857,84,66.76,49.23,5,0.5
2026-06-24 10:01:51.863857,113,95.89,57.83,6,0.6
2026-06-24 11:01:51.863857,87,72.72,44.3,5,0.5
2026-06-24 12:01:51.863857,91,70.66,51.07,4,0.4
2026-06-24 13:01:51.863857,62,49.12,45.26,4,0.4
2026-06-24 14:01:51.863857,87,76.7,53.55,5,0.5
2026-06-24 15:01:51.863857,93,68.58,62.83,6,0.6
2026-06-24 16:01:51.863857,92,80.94,51.22,5,0.5
2026-06-24 17:01:51.863857,110,87.54,63.81,6,0.6
2026-06-24 18:01:51.863857,96,74.45,56.64,5,0.5
2026-06-24 19:01:51.863857,26,22.74,26.53,3,0.3
2026-06-24 20:01:51.863857,31,30.48,14.4,2,0.2
2026-06-24 21:01:51.863857,25,22.12,14.51,2,0.2
2026-06-24 22:01:51.863857,37,29.7,21.53,3,0.3
2026-06-24 23:01:51.863857,34,26.45,12.81,3,0.3
2026-06-25 00:01:51.863857,20,13.63,11.38,2,0.2
2026-06-25 01:01:51.863857,34,28.66,20.53,1,0.1
2026-06-25 02:01:51.863857,23,18.34,16.35,2,0.2
2026-06-25 03:01:51.863857,17,13.72,17.13,1,0.1
2026-06-25 04:01:51.863857,32,28.33,17.41,2,0.2
2026-06-25 05:01:51.863857,11,7.62,11.84,1,0.1
2026-06-25 06:01:51.863857,11,10.55,13.02,2,0.2
2026-06-25 07:01:51.863857,11,2.87,7.67,1,0.1
2026-06-25 08:01:51.863857,68,61.95,42.71,4,0.4
2026-06-25 09:01:51.863857,97,83.09,55.82,4,0.4
2026-06-25 10:01:51.863857,67,52.93,39.87,3,0.3
2026-06-25 11:01:51.863857,61,48.32,35.69,5,0.5
2026-06-25 12:01:51.863857,71,54.03,38.78,4,0.4
2026-06-25 13:01:51.863857,84,67.69,46.67,5,0.5
2026-06-25 14:01:51.863857,64,54.44,40.87,3,0.3
2026-06-25 15:01:51.863857,77,63.99,46.98,4,0.4
2026-06-25 16:01:51.863857,90,62.11,56.39,6,0.6
2026-06-25 17:01:51.863857,78,58.54,44.44,5,0.5
2026-06-25 18:01:51.863857,75,55.08,45.88,5,0.5
2026-06-25 19:01:51.863857,26,16.78,24.92,2,0.2
2026-06-25 20:01:51.863857,46,39.49,36.53,4,0.4
2026-06-25 21:01:51.863857,13,-0.11,-3.62,1,0.1
2026-06-25 22:01:51.863857,29,19.12,11.83,1,0.1
2026-06-25 23:01:51.863857,80,64.64,36.18,4,0.4
2026-06-26 00:01:51.863857,31,22.32,16.47,3,0.3
2026-06-26 01:01:51.863857,28,22.18,18.99,3,0.3
2026-06-26 02:01:51.863857,20,18.51,12.8,2,0.2
2026-06-26 03:01:51.863857,12,9.69,7.13,1,0.1
2026-06-26 04:01:51.863857,24,20.11,13.14,1,0.1
2026-06-26 05:01:51.863857,34,37.11,29.12,2,0.2
2026-06-26 06:01:51.863857,21,7.81,9.86,2,0.2
2026-06-26 07:01:51.863857,22,18.57,6.24,3,0.3
2026-06-26 08:01:51.863857,21,22.77,11.19,2,0.2
2026-06-26 09:01:51.863857,86,69.7,58.6,4,0.4
2026-06-26 10:01:51.863857,80,66.94,45.44,5,0.5
2026-06-26 11:01:51.863857,82,64.81,42.6,5,0.5
2026-06-26 12:01:51.863857,71,58.54,46.19,3,0.3
2026-06-26 13:01:51.863857,62,55.15,35.24,4,0.4
2026-06-26 14:01:51.863857,68,55.35,42.19,3,0.3
2026-06-26 15:01:51.863857,70,59.72,45.54,5,0.5
2026-06-26 16:01:51.863857,61,53.84,30.99,3,0.3
2026-06-26 17:01:51.863857,80,66.19,46.57,5,0.5
2026-06-26 18:01:51.863857,82,67.45,50.76,5,0.5
2026-06-26 19:01:51.863857,26,17.72,15.72,1,0.1
2026-06-26 20:01:51.863857,23,16.72,15.35,3,0.3
2026-06-26 21:01:51.863857,13,15.28,2.8,2,0.2
2026-06-26 22:01:51.863857,39,39.61,21.69,2,0.2
2026-06-26 23:01:51.863857,27,16.79,13.03,2,0.2
2026-06-27 00:01:51.863857,72,63.65,48.68,5,0.5
2026-06-27 01:01:51.863857,82,73.23,45.99,5,0.5
2026-06-27 02:01:51.863857,49,37.26,30.51,4,0.4
2026-06-27 03:01:51.863857,56,51.98,38.68,4,0.4
2026-06-27 04:01:51.863857,61,57.59,40.47,4,0.4
2026-06-27 05:01:51.863857,60,51.62,36.56,5,0.5
2026-06-27 06:01:51.863857,40,32.82,16.66,3,0.3
2026-06-27 07:01:51.863857,71,59.75,45.39,3,0.3
2026-06-27 08:01:51.863857,36,32.08,26.27,2,0.2
2026-06-27 09:01:51.863857,138,100.0,86.49,6,0.6
2026-06-27 10:01:51.863857,92,79.88,61.09,6,0.6
2026-06-27 11:01:51.863857,126,99.41,77.52,7,0.7
2026-06-27 12:01:51.863857,140,100.0,85.64,8,0.8
2026-06-27 13:01:51.863857,114,84.52,74.04,6,0.6
2026-06-27 14:01:51.863857,140,100.0,85.46,9,0.9
2026-06-27 15:01:51.863857,144,100.0,90.08,7,0.7
2026-06-27 16:01:51.863857,104,86.17,52.03,6,0.6
2026-06-27 17:01:51.863857,94,71.3,62.62,4,0.4
2026-06-27 18:01:51.863857,103,91.33,57.36,5,0.5
2026-06-27 19:01:51.863857,48,41.13,27.56,3,0.3
2026-06-27 20:01:51.863857,45,33.95,32.08,2,0.2
2026-06-27 21:01:51.863857,70,60.7,40.46,4,0.4
2026-06-27 22:01:51.863857,90,69.49,61.42,5,0.5
2026-06-27 23:01:51.863857,83,65.68,50.94,6,0.6
2026-06-28 00:01:51.863857,72,66.31,57.41,4,0.4
2026-06-28 01:01:51.863857,50,36.37,23.67,3,0.3
2026-06-28 02:01:51.863857,61,53.49,28.95,3,0.3
2026-06-28 03:01:51.863857,78,61.5,50.93,4,0.4
2026-06-28 04:01:51.863857,121,93.2,69.47,6,0.6
2026-06-28 05:01:51.863857,59,53.77,40.2,4,0.4
2026-06-28 06:01:51.863857,42,35.5,25.83,2,0.2
2026-06-28 07:01:51.863857,49,35.44,28.6,2,0.2
2026-06-28 08:01:51.863857,45,41.99,27.64,2,0.2
2026-06-28 09:01:51.863857,92,70.51,59.14,4,0.4
2026-06-28 10:01:51.863857,98,76.09,57.78,5,0.5
2026-06-28 11:01:51.863857,114,92.52,69.61,7,0.7
2026-06-28 12:01:51.863857,121,92.72,76.66,8,0.8
2026-06-28 13:01:51.863857,118,86.72,65.32,7,0.7
2026-06-28 14:01:51.863857,97,80.25,54.37,6,0.6
2026-06-28 15:01:51.863857,113,86.26,60.5,6,0.6
2026-06-28 16:01:51.863857,105,80.01,53.94,6,0.6
2026-06-28 17:01:51.863857,110,83.26,71.35,6,0.6
2026-06-28 18:01:51.863857,120,96.08,66.03,8,0.8
2026-06-28 19:01:51.863857,72,57.05,44.51,3,0.3
2026-06-28 20:01:51.863857,55,39.92,31.25,3,0.3
2026-06-28 21:01:51.863857,61,55.86,35.92,3,0.3
2026-06-28 22:01:51.863857,63,56.54,29.07,4,0.4
2026-06-28 23:01:51.863857,41,43.46,32.04,3,0.3
2026-06-29 00:01:51.863857,24,19.87,19.71,3,0.3
2026-06-29 01:01:51.863857,15,9.07,10.66,2,0.2
2026-06-29 02:01:51.863857,33,27.23,25.98,3,0.3
2026-06-29 03:01:51.863857,22,21.0,13.61,3,0.3
2026-06-29 04:01:51.863857,35,20.74,26.18,2,0.2
2026-06-29 05:01:51.863857,19,21.14,18.58,2,0.2
2026-06-29 06:01:51.863857,27,29.47,14.7,2,0.2
2026-06-29 07:01:51.863857,37,30.86,22.24,1,0.1
2026-06-29 08:01:51.863857,32,20.26,17.39,1,0.1
2026-06-29 09:01:51.863857,66,58.75,32.62,3,0.3
2026-06-29 10:01:51.863857,70,59.91,46.17,5,0.5
2026-06-29 11:01:51.863857,74,59.46,48.87,4,0.4
2026-06-29 12:01:51.863857,62,46.91,35.03,5,0.5
2026-06-29 13:01:51.863857,96,76.83,54.42,5,0.5
2026-06-29 14:01:51.863857,98,76.13,64.54,6,0.6
2026-06-29 15:01:51.863857,73,51.72,36.26,3,0.3
2026-06-29 16:01:51.863857,95,85.73,52.95,6,0.6
2026-06-29 17:01:51.863857,78,61.06,46.17,5,0.5
2026-06-29 18:01:51.863857,65,62.84,44.5,3,0.3
2026-06-29 19:01:51.863857,37,18.92,23.81,1,0.1
2026-06-29 20:01:51.863857,26,21.27,12.68,1,0.1
2026-06-29 21:01:51.863857,37,35.95,23.84,3,0.3
2026-06-29 22:01:51.863857,12,23.0,4.18,1,0.1
2026-06-29 23:01:51.863857,33,18.13,22.21,1,0.1
2026-06-30 00:01:51.863857,11,4.19,6.48,2,0.2
2026-06-30 01:01:51.863857,29,28.47,14.93,1,0.1
2026-06-30 02:01:51.863857,32,37.24,16.92,3,0.3
2026-06-30 03:01:51.863857,34,24.31,17.87,1,0.1
2026-06-30 04:01:51.863857,25,20.52,18.32,3,0.3
2026-06-30 05:01:51.863857,30,38.0,20.46,3,0.3
2026-06-30 06:01:51.863857,18,16.35,16.29,2,0.2
2026-06-30 07:01:51.863857,33,30.36,21.06,3,0.3
2026-06-30 08:01:51.863857,24,10.71,18.32,2,0.2
2026-06-30 09:01:51.863857,76,54.47,55.03,4,0.4
2026-06-30 10:01:51.863857,93,73.99,53.97,4,0.4
2026-06-30 11:01:51.863857,63,45.88,33.72,5,0.5
2026-06-30 12:01:51.863857,79,70.46,41.22,4,0.4
2026-06-30 13:01:51.863857,71,59.34,39.68,4,0.4
2026-06-30 14:01:51.863857,83,63.45,50.97,5,0.5
2026-06-30 15:01:51.863857,84,68.43,44.79,5,0.5
2026-06-30 16:01:51.863857,78,60.24,59.0,3,0.3
2026-06-30 17:01:51.863857,74,63.48,44.33,5,0.5
2026-06-30 18:01:51.863857,68,50.07,36.96,3,0.3
2026-06-30 19:01:51.863857,25,13.77,11.66,2,0.2
2026-06-30 20:01:51.863857,38,32.91,20.18,2,0.2
2026-06-30 21:01:51.863857,34,15.36,20.93,1,0.1
2026-06-30 22:01:51.863857,21,21.57,14.44,1,0.1
2026-06-30 23:01:51.863857,29,29.44,18.25,2,0.2
2026-07-01 00:01:51.863857,27,21.95,16.7,3,0.3
2026-07-01 01:01:51.863857,31,30.92,19.04,1,0.1
2026-07-01 02:01:51.863857,18,11.34,14.52,2,0.2
2026-07-01 03:01:51.863857,36,22.74,21.41,1,0.1
2026-07-01 04:01:51.863857,11,14.02,23.74,1,0.1
2026-07-01 05:01:51.863857,17,3.7,6.08,1,0.1
2026-07-01 06:01:51.863857,25,23.3,20.28,1,0.1
2026-07-01 07:01:51.863857,27,24.9,11.58,1,0.1
2026-07-01 08:01:51.863857,19,14.22,6.93,1,0.1
2026-07-01 09:01:51.863857,95,83.02,52.3,5,0.5
2026-07-01 10:01:51.863857,77,52.71,51.93,3,0.3
2026-07-01 11:01:51.863857,94,85.17,57.17,4,0.4
2026-07-01 12:01:51.863857,83,61.86,47.69,5,0.5
2026-07-01 13:01:51.863857,98,78.75,48.97,4,0.4
2026-07-01 14:01:51.863857,70,55.2,52.89,3,0.3
2026-07-01 15:01:51.863857,87,70.61,45.83,5,0.5
2026-07-01 16:01:51.863857,65,62.93,40.36,5,0.5
2026-07-01 17:01:51.863857,76,70.13,45.92,3,0.3
2026-07-01 18:01:51.863857,75,58.45,43.79,3,0.3
2026-07-01 19:01:51.863857,25,30.99,21.01,2,0.2
2026-07-01 20:01:51.863857,20,12.69,14.0,3,0.3
2026-07-01 21:01:51.863857,37,32.34,25.83,2,0.2
2026-07-01 22:01:51.863857,23,21.23,19.14,2,0.2
2026-07-01 23:01:51.863857,26,21.59,15.94,2,0.2
2026-07-02 00:01:51.863857,34,24.48,24.53,3,0.3
2026-07-02 01:01:51.863857,34,24.78,12.22,3,0.3
2026-07-02 02:01:51.863857,26,17.06,16.1,3,0.3
2026-07-02 03:01:51.863857,25,21.33,21.71,3,0.3
2026-07-02 04:01:51.863857,29,21.45,11.97,1,0.1
2026-07-02 05:01:51.863857,24,26.81,16.59,1,0.1
2026-07-02 06:01:51.863857,37,21.59,24.16,2,0.2
2026-07-02 07:01:51.863857,14,12.99,13.52,1,0.1
2026-07-02 08:01:51.863857,29,32.14,24.49,3,0.3
2026-07-02 09:01:51.863857,97,75.42,52.78,6,0.6
2026-07-02 10:01:51.863857,77,60.51,37.67,5,0.5
2026-07-02 11:01:51.863857,88,72.68,53.65,6,0.6
2026-07-02 12:01:51.863857,121,93.31,75.66,8,0.8
2026-07-02 13:01:51.863857,70,60.55,46.69,4,0.4
2026-07-02 14:01:51.863857,77,58.99,42.46,5,0.5
2026-07-02 15:01:51.863857,97,73.09,55.72,6,0.6
2026-07-02 16:01:51.863857,93,68.53,53.28,5,0.5
2026-07-02 17:01:51.863857,80,67.17,47.6,5,0.5
2026-07-02 18:01:51.863857,84,73.01,52.53,5,0.5
2026-07-02 19:01:51.863857,18,20.68,13.6,1,0.1
2026-07-02 20:01:51.863857,27,21.48,18.26,3,0.3
2026-07-02 21:01:51.863857,16,12.77,5.45,2,0.2
2026-07-02 22:01:51.863857,24,24.23,16.89,2,0.2
2026-07-02 23:01:51.863857,21,7.48,11.39,2,0.2
2026-07-03 00:01:51.863857,11,11.07,1.51,1,0.1
2026-07-03 01:01:51.863857,32,29.72,17.13,2,0.2
2026-07-03 02:01:51.863857,11,3.54,1.71,1,0.1
2026-07-03 03:01:51.863857,24,18.94,10.54,2,0.2
2026-07-03 04:01:51.863857,16,5.27,4.56,1,0.1
2026-07-03 05:01:51.863857,32,27.14,12.08,3,0.3
2026-07-03 06:01:51.863857,27,21.99,15.08,2,0.2
2026-07-03 07:01:51.863857,30,28.57,15.11,2,0.2
2026-07-03 08:01:51.863857,12,9.65,9.32,1,0.1
2026-07-03 09:01:51.863857,69,61.79,37.74,5,0.5
2026-07-03 10:01:51.863857,95,82.07,60.71,5,0.5
2026-07-03 11:01:51.863857,92,75.34,57.23,4,0.4
2026-07-03 12:01:51.863857,69,52.65,45.72,5,0.5
2026-07-03 13:01:51.863857,72,59.06,56.29,5,0.5
2026-07-03 14:01:51.863857,81,62.57,49.77,6,0.6
2026-07-03 15:01:51.863857,92,69.37,50.3,5,0.5
2026-07-03 16:01:51.863857,67,49.3,40.34,3,0.3
2026-07-03 17:01:51.863857,72,55.65,44.22,3,0.3
2026-07-03 18:01:51.863857,69,63.37,52.36,3,0.3
2026-07-03 19:01:51.863857,23,20.95,17.59,1,0.1
2026-07-03 20:01:51.863857,21,18.55,13.61,2,0.2
2026-07-03 21:01:51.863857,18,21.59,14.5,1,0.1
2026-07-03 22:01:51.863857,81,64.34,51.36,6,0.6
2026-07-03 23:01:51.863857,26,20.21,22.67,1,0.1
2026-07-04 00:01:51.863857,76,62.71,50.64,5,0.5
2026-07-04 01:01:51.863857,64,48.45,38.14,4,0.4
2026-07-04 02:01:51.863857,68,49.04,50.39,5,0.5
2026-07-04 03:01:51.863857,56,43.61,31.23,4,0.4
2026-07-04 04:01:51.863857,34,20.81,20.93,1,0.1
2026-07-04 05:01:51.863857,72,52.48,49.1,5,0.5
2026-07-04 06:01:51.863857,52,37.98,34.73,3,0.3
2026-07-04 07:01:51.863857,60,48.8,37.77,4,0.4
2026-07-04 08:01:51.863857,63,55.23,43.14,5,0.5
2026-07-04 09:01:51.863857,124,94.07,68.95,6,0.6
2026-07-04 10:01:51.863857,146,100.0,89.61,9,0.9
2026-07-04 11:01:51.863857,99,72.85,56.29,6,0.6
2026-07-04 12:01:51.863857,105,86.14,53.97,6,0.6
2026-07-04 13:01:51.863857,115,89.38,72.81,7,0.7
2026-07-04 14:01:51.863857,89,63.77,45.23,4,0.4
2026-07-04 15:01:51.863857,99,74.53,66.7,5,0.5
2026-07-04 16:01:51.863857,99,69.77,57.54,5,0.5
2026-07-04 17:01:51.863857,109,84.05,61.27,7,0.7
2026-07-04 18:01:51.863857,123,93.23,68.56,8,0.8
2026-07-04 19:01:51.863857,73,53.78,44.18,5,0.5
2026-07-04 20:01:51.863857,64,52.06,32.26,5,0.5
2026-07-04 21:01:51.863857,57,50.2,35.64,3,0.3
2026-07-04 22:01:51.863857,42,29.52,29.12,3,0.3
2026-07-04 23:01:51.863857,58,42.43,30.43,2,0.2
2026-07-05 00:01:51.863857,49,40.37,23.19,3,0.3
2026-07-05 01:01:51.863857,65,47.55,39.28,3,0.3
2026-07-05 02:01:51.863857,56,48.3,39.39,4,0.4
2026-07-05 03:01:51.863857,73,64.37,56.92,4,0.4
2026-07-05 04:01:51.863857,71,56.96,34.86,4,0.4
2026-07-05 05:01:51.863857,77,66.7,46.09,5,0.5
2026-07-05 06:01:51.863857,76,61.24,35.08,5,0.5
2026-07-05 07:01:51.863857,52,34.8,38.81,4,0.4
2026-07-05 08:01:51.863857,44,32.04,33.43,4,0.4
2026-07-05 09:01:51.863857,88,72.26,46.28,6,0.6
2026-07-05 10:01:51.863857,121,95.7,69.26,8,0.8
2026-07-05 11:01:51.863857,98,76.37,66.69,4,0.4
2026-07-05 12:01:51.863857,120,96.11,61.78,8,0.8
2026-07-05 13:01:51.863857,125,93.14,78.04,7,0.7
2026-07-05 14:01:51.863857,114,95.97,69.79,6,0.6
2026-07-05 15:01:51.863857,125,100.0,64.03,8,0.8
2026-07-05 16:01:51.863857,116,91.7,69.1,6,0.6
2026-07-05 17:01:51.863857,99,86.88,55.7,5,0.5
2026-07-05 18:01:51.863857,97,84.93,69.57,5,0.5
2026-07-05 19:01:51.863857,47,29.3,21.08,4,0.4
2026-07-05 20:01:51.863857,66,55.27,41.42,5,0.5
2026-07-05 21:01:51.863857,35,24.52,25.33,2,0.2
2026-07-05 22:01:51.863857,60,43.4,39.55,5,0.5
2026-07-05 23:01:51.863857,84,71.14,57.75,5,0.5
2026-07-06 00:01:51.863857,14,15.45,16.67,1,0.1
2026-07-06 01:01:51.863857,21,15.41,26.64,2,0.2
2026-07-06 02:01:51.863857,23,7.32,22.87,3,0.3
2026-07-06 03:01:51.863857,26,21.29,16.19,3,0.3
2026-07-06 04:01:51.863857,55,44.12,32.92,3,0.3
2026-07-06 05:01:51.863857,26,17.56,12.51,1,0.1
2026-07-06 06:01:51.863857,94,77.37,61.61,4,0.4
2026-07-06 07:01:51.863857,30,22.67,14.69,3,0.3
2026-07-06 08:01:51.863857,31,19.43,20.04,1,0.1
2026-07-06 09:01:51.863857,76,58.0,48.29,3,0.3
2026-07-06 10:01:51.863857,78,59.9,47.25,5,0.5
2026-07-06 11:01:51.863857,80,63.03,42.45,5,0.5
2026-07-06 12:01:51.863857,71,60.57,46.22,5,0.5
2026-07-06 13:01:51.863857,84,62.21,50.27,5,0.5
2026-07-06 14:01:51.863857,67,51.21,37.22,3,0.3
2026-07-06 15:01:51.863857,97,79.15,58.03,5,0.5
2026-07-06 16:01:51.863857,87,66.8,47.8,6,0.6
2026-07-06 17:01:51.863857,67,55.49,39.21,4,0.4
2026-07-06 18:01:51.863857,76,48.18,43.12,5,0.5
2026-07-06 19:01:51.863857,39,41.42,22.61,2,0.2
2026-07-06 20:01:51.863857,21,15.0,11.36,3,0.3
2026-07-06 21:01:51.863857,31,12.34,22.96,2,0.2
2026-07-06 22:01:51.863857,32,25.75,30.4,1,0.1
2026-07-06 23:01:51.863857,25,22.06,11.44,3,0.3
2026-07-07 00:01:51.863857,20,15.16,11.37,2,0.2
2026-07-07 01:01:51.863857,25,24.09,13.53,1,0.1
2026-07-07 02:01:51.863857,30,28.72,19.47,2,0.2
2026-07-07 03:01:51.863857,11,15.37,5.08,1,0.1
2026-07-07 04:01:51.863857,17,19.58,7.89,1,0.1
2026-07-07 05:01:51.863857,27,28.26,16.6,1,0.1
2026-07-07 06:01:51.863857,27,19.17,18.59,3,0.3
2026-07-07 07:01:51.863857,23,9.11,27.32,1,0.1
2026-07-07 08:01:51.863857,11,5.2,5.76,1,0.1
2026-07-07 09:01:51.863857,89,64.64,42.99,6,0.6
2026-07-07 10:01:51.863857,84,77.46,56.93,5,0.5
2026-07-07 11:01:51.863857,79,64.35,40.81,3,0.3
2026-07-07 12:01:51.863857,70,56.12,47.14,3,0.3
2026-07-07 13:01:51.863857,76,60.06,48.0,3,0.3
2026-07-07 14:01:51.863857,91,72.7,50.18,4,0.4
2026-07-07 15:01:51.863857,64,51.94,44.09,5,0.5
2026-07-07 16:01:51.863857,77,57.09,35.43,3,0.3
2026-07-07 17:01:51.863857,70,58.34,37.75,5,0.5
2026-07-07 18:01:51.863857,79,68.04,58.0,5,0.5
2026-07-07 19:01:51.863857,13,13.35,12.82,2,0.2
2026-07-07 20:01:51.863857,33,21.76,20.76,3,0.3
2026-07-07 21:01:51.863857,19,15.85,10.19,1,0.1
2026-07-07 22:01:51.863857,12,11.85,10.62,1,0.1
2026-07-07 23:01:51.863857,22,20.63,11.09,2,0.2
2026-07-08 00:01:51.863857,18,20.01,8.37,1,0.1
2026-07-08 01:01:51.863857,35,23.84,22.75,2,0.2
2026-07-08 02:01:51.863857,58,44.82,43.17,4,0.4
2026-07-08 03:01:51.863857,21,9.81,19.63,3,0.3
2026-07-08 04:01:51.863857,26,21.04,14.53,1,0.1
2026-07-08 05:01:51.863857,31,27.4,11.93,2,0.2
2026-07-08 06:01:51.863857,22,3.04,5.98,2,0.2
2026-07-08 07:01:51.863857,32,27.43,21.97,2,0.2
2026-07-08 08:01:51.863857,38,27.05,33.36,2,0.2
2026-07-08 09:01:51.863857,107,92.21,63.96,6,0.6
2026-07-08 10:01:51.863857,96,73.03,56.12,5,0.5
2026-07-08 11:01:51.863857,61,49.84,34.61,4,0.4
2026-07-08 12:01:51.863857,66,57.71,34.79,4,0.4
2026-07-08 13:01:51.863857,77,62.68,46.36,4,0.4
2026-07-08 14:01:51.863857,97,76.27,59.67,4,0.4
2026-07-08 15:01:51.863857,91,76.62,60.13,5,0.5
2026-07-08 16:01:51.863857,90,70.54,58.62,4,0.4
2026-07-08 17:01:51.863857,89,70.83,45.92,6,0.6
2026-07-08 18:01:51.863857,92,70.26,57.0,5,0.5
2026-07-08 19:01:51.863857,24,20.09,13.53,1,0.1
2026-07-08 20:01:51.863857,17,8.68,5.15,1,0.1
2026-07-08 21:01:51.863857,23,19.14,10.58,3,0.3
2026-07-08 22:01:51.863857,15,16.4,10.67,1,0.1
2026-07-08 23:01:51.863857,34,30.22,19.71,3,0.3
2026-07-09 00:01:51.863857,17,22.61,17.45,1,0.1
2026-07-09 01:01:51.863857,31,24.26,24.8,3,0.3
2026-07-09 02:01:51.863857,14,14.18,1.37,1,0.1
2026-07-09 03:01:51.863857,37,32.09,25.69,3,0.3
2026-07-09 04:01:51.863857,30,24.67,12.26,1,0.1
2026-07-09 05:01:51.863857,21,10.75,14.47,3,0.3
2026-07-09 06:01:51.863857,18,23.57,7.36,1,0.1
2026-07-09 07:01:51.863857,13,16.59,10.58,1,0.1
2026-07-09 08:01:51.863857,15,7.24,13.65,1,0.1
2026-07-09 09:01:51.863857,64,50.41,28.85,5,0.5
2026-07-09 10:01:51.863857,68,58.32,45.1,5,0.5
2026-07-09 11:01:51.863857,71,64.03,44.31,4,0.4
2026-07-09 12:01:51.863857,63,56.52,35.88,3,0.3
2026-07-09 13:01:51.863857,96,72.49,54.67,4,0.4
2026-07-09 14:01:51.863857,76,67.27,41.72,5,0.5
2026-07-09 15:01:51.863857,60,48.07,36.53,4,0.4
2026-07-09 16:01:51.863857,71,50.21,45.96,3,0.3
2026-07-09 17:01:51.863857,75,48.33,41.44,4,0.4
2026-07-09 18:01:51.863857,99,78.97,57.28,4,0.4
2026-07-09 19:01:51.863857,36,21.6,20.58,2,0.2
2026-07-09 20:01:51.863857,22,20.51,11.41,1,0.1
2026-07-09 21:01:51.863857,33,17.81,15.13,1,0.1
2026-07-09 22:01:51.863857,26,26.19,18.19,1,0.1
2026-07-09 23:01:51.863857,26,23.95,25.5,3,0.3
2026-07-10 00:01:51.863857,12,8.92,9.5,2,0.2
2026-07-10 01:01:51.863857,36,21.94,20.0,1,0.1
2026-07-10 02:01:51.863857,31,25.91,11.48,1,0.1
2026-07-10 03:01:51.863857,27,29.48,23.07,1,0.1
2026-07-10 04:01:51.863857,33,25.51,12.1,3,0.3
2026-07-10 05:01:51.863857,19,16.38,3.55,1,0.1
2026-07-10 06:01:51.863857,23,23.28,15.7,3,0.3
2026-07-10 07:01:51.863857,22,20.99,14.9,1,0.1
2026-07-10 08:01:51.863857,38,38.92,18.3,3,0.3
2026-07-10 09:01:51.863857,61,53.64,31.99,5,0.5
2026-07-10 10:01:51.863857,69,58.69,45.15,4,0.4
2026-07-10 11:01:51.863857,90,75.1,52.76,6,0.6
2026-07-10 12:01:51.863857,82,72.4,44.1,6,0.6
2026-07-10 13:01:51.863857,98,82.23,59.46,4,0.4
2026-07-10 14:01:51.863857,93,75.41,60.32,4,0.4
2026-07-10 15:01:51.863857,89,69.92,50.16,4,0.4
2026-07-10 16:01:51.863857,84,61.56,62.37,4,0.4
2026-07-10 17:01:51.863857,123,95.05,82.57,8,0.8
2026-07-10 18:01:51.863857,91,82.5,58.31,6,0.6
2026-07-10 19:01:51.863857,18,19.69,9.24,1,0.1
2026-07-10 20:01:51.863857,17,8.39,11.22,2,0.2
2026-07-10 21:01:51.863857,10,11.85,10.89,1,0.1
2026-07-10 22:01:51.863857,14,6.56,11.22,2,0.2
2026-07-10 23:01:51.863857,15,13.65,11.96,2,0.2
2026-07-11 00:01:51.863857,58,50.79,30.82,2,0.2
2026-07-11 01:01:51.863857,34,35.88,23.39,1,0.1
2026-07-11 02:01:51.863857,71,47.02,38.01,4,0.4
2026-07-11 03:01:51.863857,76,63.08,41.58,5,0.5
2026-07-11 04:01:51.863857,49,32.56,30.23,2,0.2
2026-07-11 05:01:51.863857,97,73.19,60.1,6,0.6
2026-07-11 06:01:51.863857,61,47.78,32.66,3,0.3
2026-07-11 07:01:51.863857,76,65.15,50.94,5,0.5
2026-07-11 08:01:51.863857,82,70.22,51.96,4,0.4
2026-07-11 09:01:51.863857,126,98.95,78.66,6,0.6
2026-07-11 10:01:51.863857,105,83.33,50.4,7,0.7
2026-07-11 11:01:51.863857,110,89.75,64.64,6,0.6
2026-07-11 12:01:51.863857,102,80.05,64.35,6,0.6
2026-07-11 13:01:51.863857,124,100.0,78.4,7,0.7
2026-07-11 14:01:51.863857,142,100.0,77.04,8,0.8
2026-07-11 15:01:51.863857,121,89.82,73.82,7,0.7
2026-07-11 16:01:51.863857,120,94.76,68.91,7,0.7
2026-07-11 17:01:51.863857,109,88.6,58.3,7,0.7
2026-07-11 18:01:51.863857,93,70.58,59.03,6,0.6
2026-07-11 19:01:51.863857,59,39.28,42.52,4,0.4
2026-07-11 20:01:51.863857,58,46.35,25.67,2,0.2
2026-07-11 21:01:51.863857,62,38.75,32.42,5,0.5
2026-07-11 22:01:51.863857,62,49.94,39.35,3,0.3
2026-07-11 23:01:51.863857,41,33.52,20.82,4,0.4
2026-07-12 00:01:51.863857,47,34.73,33.22,2,0.2
2026-07-12 01:01:51.863857,70,51.68,42.06,5,0.5
2026-07-12 02:01:51.863857,74,66.07,43.52,5,0.5
2026-07-12 03:01:51.863857,61,50.0,37.62,4,0.4
2026-07-12 04:01:51.863857,100,74.4,57.63,5,0.5
2026-07-12 05:01:51.863857,53,44.17,38.19,2,0.2
2026-07-12 06:01:51.863857,46,25.31,28.0,4,0.4
2026-07-12 07:01:51.863857,55,42.62,29.61,3,0.3
2026-07-12 08:01:51.863857,37,28.86,19.59,2,0.2
2026-07-12 09:01:51.863857,127,100.0,80.78,7,0.7
2026-07-12 10:01:51.863857,130,100.0,74.52,7,0.7
2026-07-12 11:01:51.863857,128,100.0,75.66,6,0.6
2026-07-12 12:01:51.863857,137,100.0,73.4,6,0.6
2026-07-12 13:01:51.863857,120,92.05,64.81,7,0.7
2026-07-12 14:01:51.863857,117,90.23,65.61,5,0.5
2026-07-12 15:01:51.863857,108,93.65,59.19,5,0.5
2026-07-12 16:01:51.863857,126,100.0,77.3,6,0.6
2026-07-12 17:01:51.863857,123,100.0,64.75,8,0.8
2026-07-12 18:01:51.863857,115,87.76,66.08,6,0.6
2026-07-12 19:01:51.863857,76,56.15,43.57,5,0.5
2026-07-12 20:01:51.863857,81,58.21,46.33,4,0.4
2026-07-12 21:01:51.863857,75,56.62,48.54,4,0.4
2026-07-12 22:01:51.863857,114,92.75,65.58,5,0.5
2026-07-12 23:01:51.863857,53,42.32,32.45,4,0.4
2026-07-13 00:01:51.863857,16,8.75,15.61,2,0.2
2026-07-13 01:01:51.863857,36,26.66,31.61,3,0.3
2026-07-13 02:01:51.863857,27,8.29,12.29,3,0.3
2026-07-13 03:01:51.863857,14,11.13,8.88,2,0.2
2026-07-13 04:01:51.863857,38,32.16,15.19,2,0.2
2026-07-13 05:01:51.863857,24,17.65,12.77,2,0.2
2026-07-13 06:01:51.863857,14,20.59,10.63,2,0.2
2026-07-13 07:01:51.863857,23,14.93,13.89,2,0.2
2026-07-13 08:01:51.863857,15,18.07,7.19,1,0.1
2026-07-13 09:01:51.863857,81,65.12,45.84,4,0.4
2026-07-13 10:01:51.863857,83,68.75,54.74,6,0.6
2026-07-13 11:01:51.863857,66,56.48,46.24,4,0.4
2026-07-13 12:01:51.863857,86,77.91,46.87,5,0.5
2026-07-13 13:01:51.863857,69,46.02,40.5,5,0.5
2026-07-13 14:01:51.863857,76,59.82,40.97,3,0.3
2026-07-13 15:01:51.863857,84,72.41,47.3,6,0.6
2026-07-13 16:01:51.863857,96,73.5,54.55,6,0.6
2026-07-13 17:01:51.863857,74,64.6,47.86,5,0.5
2026-07-13 18:01:51.863857,97,79.88,57.65,6,0.6
2026-07-13 19:01:51.863857,16,14.3,7.27,2,0.2
2026-07-13 20:01:51.863857,26,26.66,15.69,2,0.2
2026-07-13 21:01:51.863857,22,20.3,11.59,1,0.1
2026-07-13 22:01:51.863857,16,13.66,6.66,2,0.2
2026-07-13 23:01:51.863857,22,13.65,11.79,1,0.1
2026-07-14 00:01:51.863857,22,21.73,18.06,2,0.2
2026-07-14 01:01:51.863857,34,36.51,25.8,3,0.3
2026-07-14 02:01:51.863857,29,25.35,16.43,3,0.3
2026-07-14 03:01:51.863857,35,26.5,21.06,1,0.1
2026-07-14 04:01:51.863857,15,0.72,12.19,1,0.1
2026-07-14 05:01:51.863857,39,27.48,25.98,1,0.1
2026-07-14 06:01:51.863857,30,18.98,17.45,3,0.3
2026-07-14 07:01:51.863857,25,25.26,12.64,2,0.2
2026-07-14 08:01:51.863857,17,14.91,10.39,2,0.2
2026-07-14 09:01:51.863857,83,72.31,42.08,5,0.5
2026-07-14 10:01:51.863857,63,49.15,44.61,3,0.3
2026-07-14 11:01:51.863857,84,69.84,54.59,5,0.5
2026-07-14 12:01:51.863857,76,65.27,46.95,5,0.5
2026-07-14 13:01:51.863857,90,67.63,53.29,4,0.4
2026-07-14 14:01:51.863857,68,51.89,43.0,3,0.3
2026-07-14 15:01:51.863857,98,78.04,54.55,5,0.5
2026-07-14 16:01:51.863857,81,67.54,43.6,4,0.4
2026-07-14 17:01:51.863857,70,45.99,42.3,3,0.3
2026-07-14 18:01:51.863857,93,84.06,59.28,5,0.5
2026-07-14 19:01:51.863857,17,10.81,7.01,2,0.2
2026-07-14 20:01:51.863857,30,18.56,17.99,1,0.1
2026-07-14 21:01:51.863857,17,16.28,9.02,1,0.1
2026-07-14 22:01:51.863857,13,12.35,5.06,2,0.2
2026-07-14 23:01:51.863857,22,21.97,12.48,3,0.3
2026-07-15 00:01:51.863857,34,30.52,13.06,1,0.1
2026-07-15 01:01:51.863857,13,11.62,15.98,1,0.1
2026-07-15 02:01:51.863857,38,35.55,19.15,2,0.2
2026-07-15 03:01:51.863857,21,16.94,6.68,3,0.3
2026-07-15 04:01:51.863857,39,33.14,19.44,3,0.3
2026-07-15 05:01:51.863857,38,39.01,16.43,1,0.1
2026-07-15 06:01:51.863857,26,16.47,16.02,1,0.1
2026-07-15 07:01:51.863857,13,15.03,7.36,2,0.2
2026-07-15 08:01:51.863857,13,17.61,3.66,1,0.1
2026-07-15 09:01:51.863857,67,50.78,39.17,5,0.5
2026-07-15 10:01:51.863857,95,77.78,58.96,6,0.6
2026-07-15 11:01:51.863857,80,74.22,49.13,4,0.4
2026-07-15 12:01:51.863857,81,68.16,47.86,6,0.6
2026-07-15 13:01:51.863857,71,59.96,41.15,3,0.3
2026-07-15 14:01:51.863857,93,69.25,60.48,4,0.4
2026-07-15 15:01:51.863857,66,49.81,35.97,4,0.4
2026-07-15 16:01:51.863857,62,53.03,35.95,5,0.5
2026-07-15 17:01:51.863857,95,77.34,59.4,6,0.6
2026-07-15 18:01:51.863857,79,64.87,49.95,3,0.3
2026-07-15 19:01:51.863857,17,19.13,10.57,1,0.1
2026-07-15 20:01:51.863857,37,42.81,22.51,1,0.1
2026-07-15 21:01:51.863857,22,23.45,7.94,3,0.3
2026-07-15 22:01:51.863857,29,19.74,20.28,3,0.3
2026-07-15 23:01:51.863857,21,14.74,10.73,3,0.3
2026-07-16 00:01:51.863857,25,10.28,17.66,1,0.1
2026-07-16 01:01:51.863857,92,70.02,52.98,5,0.5
2026-07-16 02:01:51.863857,32,21.36,26.85,1,0.1
2026-07-16 03:01:51.863857,33,30.45,20.09,2,0.2
2026-07-16 04:01:51.863857,24,17.98,6.09,1,0.1
2026-07-16 05:01:51.863857,25,20.31,18.22,2,0.2
2026-07-16 06:01:51.863857,24,19.1,11.35,1,0.1
2026-07-16 07:01:51.863857,34,29.36,22.85,3,0.3
2026-07-16 08:01:51.863857,15,8.78,-0.38,1,0.1
2026-07-16 09:01:51.863857,73,64.89,43.43,4,0.4
2026-07-16 10:01:51.863857,158,100.0,91.54,8,0.8
2026-07-16 11:01:51.863857,99,81.35,55.38,5,0.5
2026-07-16 12:01:51.863857,72,61.02,46.5,4,0.4
2026-07-16 13:01:51.863857,78,65.13,53.97,5,0.5
2026-07-16 14:01:51.863857,91,70.1,54.74,4,0.4
2026-07-16 15:01:51.863857,70,59.86,32.86,4,0.4
2026-07-16 16:01:51.863857,94,80.43,50.03,5,0.5
2026-07-16 17:01:51.863857,76,62.41,43.28,5,0.5
2026-07-16 18:01:51.863857,66,55.58,35.53,5,0.5
2026-07-16 19:01:51.863857,32,22.13,21.37,1,0.1
2026-07-16 20:01:51.863857,32,34.58,21.4,3,0.3
2026-07-16 21:01:51.863857,22,14.07,19.11,3,0.3
2026-07-16 22:01:51.863857,36,33.79,19.58,2,0.2
2026-07-16 23:01:51.863857,37,28.98,19.75,3,0.3
2026-07-17 00:01:51.863857,37,29.39,24.73,1,0.1
2026-07-17 01:01:51.863857,28,23.46,14.71,1,0.1
2026-07-17 02:01:51.863857,61,54.73,32.88,4,0.4
2026-07-17 03:01:51.863857,17,12.96,9.28,1,0.1
2026-07-17 04:01:51.863857,34,28.8,25.38,1,0.1
2026-07-17 05:01:51.863857,39,37.34,26.52,2,0.2
2026-07-17 06:01:51.863857,11,9.44,7.72,1,0.1
2026-07-17 07:01:51.863857,34,29.77,17.09,1,0.1
2026-07-17 08:01:51.863857,27,23.41,13.77,2,0.2
2026-07-17 09:01:51.863857,77,69.27,49.12,3,0.3
2026-07-17 10:01:51.863857,92,76.53,50.75,4,0.4
2026-07-17 11:01:51.863857,90,77.53,50.97,4,0.4
2026-07-17 12:01:51.863857,63,55.86,37.07,5,0.5
2026-07-17 13:01:51.863857,98,78.13,58.71,6,0.6
2026-07-17 14:01:51.863857,86,78.69,44.65,6,0.6
2026-07-17 15:01:51.863857,76,60.48,41.22,4,0.4
2026-07-17 16:01:51.863857,77,68.02,46.43,4,0.4
2026-07-17 17:01:51.863857,85,71.68,48.15,6,0.6
2026-07-17 18:01:51.863857,70,58.18,42.57,5,0.5
2026-07-17 19:01:51.863857,13,1.56,-0.91,1,0.1
2026-07-17 20:01:51.863857,31,24.83,21.14,3,0.3
2026-07-17 21:01:51.863857,13,17.89,12.1,1,0.1
2026-07-17 22:01:51.863857,26,24.85,17.08,1,0.1
2026-07-17 23:01:51.863857,23,18.96,18.95,1,0.1
2026-07-18 00:01:51.863857,42,34.43,30.18,2,0.2
2026-07-18 01:01:51.863857,63,54.94,38.48,5,0.5
2026-07-18 02:01:51.863857,60,47.25,30.42,3,0.3
2026-07-18 03:01:51.863857,69,46.94,38.79,4,0.4
2026-07-18 04:01:51.863857,52,44.86,22.56,4,0.4
2026-07-18 05:01:51.863857,53,39.66,33.13,2,0.2
2026-07-18 06:01:51.863857,52,50.35,25.03,3,0.3
2026-07-18 07:01:51.863857,45,33.24,23.38,3,0.3
2026-07-18 08:01:51.863857,75,58.21,35.53,3,0.3
2026-07-18 09:01:51.863857,93,79.38,65.09,6,0.6
2026-07-18 10:01:51.863857,115,96.12,68.91,5,0.5
2026-07-18 11:01:51.863857,104,80.33,65.98,7,0.7
2026-07-18 12:01:51.863857,101,82.95,70.07,7,0.7
2026-07-18 13:01:51.863857,131,100.0,78.59,8,0.8
2026-07-18 14:01:51.863857,116,95.2,77.48,5,0.5
2026-07-18 15:01:51.863857,96,74.37,57.57,4,0.4
2026-07-18 16:01:51.863857,147,100.0,84.17,7,0.7
2026-07-18 17:01:51.863857,100,89.52,57.21,5,0.5
2026-07-18 18:01:51.863857,193,100.0,100.0,11,1.1
2026-07-18 19:01:51.863857,43,36.85,25.8,4,0.4
2026-07-18 20:01:51.863857,70,58.19,40.69,5,0.5
2026-07-18 21:01:51.863857,88,72.33,57.76,6,0.6
2026-07-18 22:01:51.863857,57,39.63,32.6,2,0.2
2026-07-18 23:01:51.863857,53,41.49,32.37,4,0.4
2026-07-19 00:01:51.863857,58,48.0,39.03,4,0.4
2026-07-19 01:01:51.863857,78,63.34,37.79,5,0.5
2026-07-19 02:01:51.863857,57,54.29,29.26,4,0.4
2026-07-19 03:01:51.863857,53,41.28,27.71,3,0.3
2026-07-19 04:01:51.863857,58,49.36,39.53,3,0.3
2026-07-19 05:01:51.863857,69,53.51,46.77,3,0.3
2026-07-19 06:01:51.863857,40,32.56,23.1,2,0.2
2026-07-19 07:01:51.863857,64,58.42,44.92,4,0.4
2026-07-19 08:01:51.863857,35,23.05,19.95,1,0.1
2026-07-19 09:01:51.863857,83,66.43,48.06,4,0.4
2026-07-19 10:01:51.863857,136,100.0,79.99,8,0.8
2026-07-19 11:01:51.863857,131,100.0,87.32,6,0.6
2026-07-19 12:01:51.863857,112,93.09,64.66,5,0.5
2026-07-19 13:01:51.863857,103,78.0,66.45,6,0.6
2026-07-19 14:01:51.863857,110,89.1,69.53,7,0.7
2026-07-19 15:01:51.863857,116,93.86,80.32,6,0.6
2026-07-19 16:01:51.863857,117,98.81,75.98,7,0.7
2026-07-19 17:01:51.863857,121,99.53,73.5,6,0.6
2026-07-19 18:01:51.863857,105,72.42,58.99,5,0.5
2026-07-19 19:01:51.863857,53,43.17,32.84,4,0.4
2026-07-19 20:01:51.863857,42,33.17,25.77,2,0.2
2026-07-19 21:01:51.863857,61,50.48,37.22,4,0.4
2026-07-19 22:01:51.863857,62,46.98,26.95,4,0.4
2026-07-19 23:01:51.863857,74,56.53,51.81,5,0.5
2026-07-20 00:01:51.863857,28,28.04,12.57,2,0.2
2026-07-20 01:01:51.863857,38,29.28,23.9,2,0.2
2026-07-20 02:01:51.863857,23,21.89,14.58,2,0.2
2026-07-20 03:01:51.863857,16,7.73,5.62,1,0.1
2026-07-20 04:01:51.863857,27,26.19,8.61,3,0.3
2026-07-20 05:01:51.863857,14,14.21,17.71,1,0.1
2026-07-20 06:01:51.863857,32,28.65,17.55,3,0.3
2026-07-20 07:01:51.863857,13,19.49,8.76,2,0.2
2026-07-20 08:01:51.863857,26,18.85,17.68,3,0.3
2026-07-20 09:01:51.863857,74,60.71,40.97,3,0.3
2026-07-20 10:01:51.863857,81,61.26,43.55,6,0.6
2026-07-20 11:01:51.863857,63,52.75,38.52,3,0.3
2026-07-20 12:01:51.863857,95,74.71,49.19,4,0.4
2026-07-20 13:01:51.863857,86,65.46,51.77,5,0.5
2026-07-20 14:01:51.863857,67,52.36,44.43,4,0.4
2026-07-20 15:01:51.863857,93,78.54,60.27,4,0.4
2026-07-20 16:01:51.863857,74,65.71,31.04,5,0.5
2026-07-20 17:01:51.863857,78,64.69,51.99,3,0.3
2026-07-20 18:01:51.863857,98,90.27,51.96,6,0.6
2026-07-20 19:01:51.863857,30,23.57,15.22,2,0.2
2026-07-20 20:01:51.863857,36,28.59,22.88,3,0.3
2026-07-20 21:01:51.863857,79,60.81,56.63,4,0.4
2026-07-20 22:01:51.863857,36,22.57,15.53,2,0.2
2026-07-20 23:01:51.863857,25,17.55,14.5,1,0.1
2026-07-21 00:01:51.863857,19,11.41,14.94,1,0.1
2026-07-21 01:01:51.863857,28,22.97,19.45,2,0.2
2026-07-21 02:01:51.863857,26,24.38,6.14,3,0.3
2026-07-21 03:01:51.863857,16,18.29,7.69,2,0.2
2026-07-21 04:01:51.863857,21,16.94,10.79,3,0.3
2026-07-21 05:01:51.863857,39,37.43,25.73,3,0.3
2026-07-21 06:01:51.863857,39,25.38,22.79,3,0.3
2026-07-21 07:01:51.863857,24,17.93,9.5,1,0.1
2026-07-21 08:01:51.863857,38,34.21,28.96,3,0.3
2026-07-21 09:01:51.863857,87,72.64,49.76,5,0.5
2026-07-21 10:01:51.863857,96,68.0,53.36,6,0.6
2026-07-21 11:01:51.863857,95,84.43,63.16,4,0.4
2026-07-21 12:01:51.863857,74,55.9,48.02,3,0.3
2026-07-21 13:01:51.863857,89,71.16,47.4,6,0.6
2026-07-21 14:01:51.863857,69,51.0,49.5,3,0.3
2026-07-21 15:01:51.863857,66,45.4,46.22,5,0.5
2026-07-21 16:01:51.863857,66,52.62,38.17,3,0.3
2026-07-21 17:01:51.863857,86,66.83,51.93,5,0.5
2026-07-21 18:01:51.863857,87,64.38,53.13,6,0.6
2026-07-21 19:01:51.863857,16,5.92,13.96,1,0.1
2026-07-21 20:01:51.863857,18,11.97,9.54,1,0.1
2026-07-21 21:01:51.863857,17,15.06,13.32,2,0.2
2026-07-21 22:01:51.863857,15,17.17,18.4,1,0.1
2026-07-21 23:01:51.863857,39,36.92,26.15,2,0.2
2026-07-22 00:01:51.863857,16,13.43,3.39,2,0.2
2026-07-22 01:01:51.863857,11,12.72,7.45,2,0.2
2026-07-22 02:01:51.863857,22,13.85,16.89,3,0.3
2026-07-22 03:01:51.863857,23,17.59,12.09,3,0.3
2026-07-22 04:01:51.863857,30,22.92,13.15,3,0.3
2026-07-22 05:01:51.863857,66,50.17,37.5,5,0.5
2026-07-22 06:01:51.863857,13,10.77,-0.43,1,0.1
2026-07-22 07:01:51.863857,27,18.46,18.46,2,0.2
2026-07-22 08:01:51.863857,33,26.86,20.83,2,0.2
2026-07-22 09:01:51.863857,76,61.68,46.8,3,0.3
2026-07-22 10:01:51.863857,66,56.17,43.18,4,0.4
2026-07-22 11:01:51.863857,71,56.8,51.56,3,0.3
2026-07-22 12:01:51.863857,95,69.4,56.56,6,0.6
2026-07-22 13:01:51.863857,69,51.48,38.7,4,0.4
2026-07-22 14:01:51.863857,70,72.08,37.63,5,0.5
2026-07-22 15:01:51.863857,64,53.82,40.41,5,0.5
2026-07-22 16:01:51.863857,76,68.09,39.98,3,0.3
2026-07-22 17:01:51.863857,72,52.43,44.61,4,0.4
2026-07-22 18:01:51.863857,66,50.33,36.7,5,0.5
2026-07-22 19:01:51.863857,25,31.06,15.29,2,0.2
2026-07-22 20:01:51.863857,13,10.6,11.72,2,0.2
2026-07-22 21:01:51.863857,37,37.18,15.07,1,0.1
2026-07-22 22:01:51.863857,12,1.9,9.13,1,0.1
2026-07-22 23:01:51.863857,65,52.47,38.09,4,0.4
2026-07-23 00:01:51.863857,35,33.25,22.65,1,0.1
2026-07-23 01:01:51.863857,10,0.12,-2.01,1,0.1
2026-07-23 02:01:51.863857,14,4.78,2.75,1,0.1
2026-07-23 03:01:51.863857,34,25.31,24.72,3,0.3
2026-07-23 04:01:51.863857,22,17.83,6.56,3,0.3
2026-07-23 05:01:51.863857,25,15.68,6.71,1,0.1
2026-07-23 06:01:51.863857,35,29.75,15.62,3,0.3
2026-07-23 07:01:51.863857,13,3.0,2.19,1,0.1
2026-07-23 08:01:51.863857,35,17.19,18.96,3,0.3
2026-07-23 09:01:51.863857,66,51.0,36.0,3,0.3
2026-07-23 10:01:51.863857,89,76.99,59.15,4,0.4
2026-07-23 11:01:51.863857,86,68.17,54.69,4,0.4
2026-07-23 12:01:51.863857,81,59.88,51.77,4,0.4
2026-07-23 13:01:51.863857,72,58.08,47.11,5,0.5
2026-07-23 14:01:51.863857,128,87.74,86.67,7,0.7
2026-07-23 15:01:51.863857,98,73.8,59.63,6,0.6
2026-07-23 16:01:51.863857,70,58.25,35.8,4,0.4
2026-07-23 17:01:51.863857,77,64.36,53.47,4,0.4
2026-07-23 18:01:51.863857,66,56.5,39.13,3,0.3
2026-07-23 19:01:51.863857,21,17.27,11.78,3,0.3
2026-07-23 20:01:51.863857,11,6.03,1.53,1,0.1
2026-07-23 21:01:51.863857,24,17.15,15.5,1,0.1
2026-07-23 22:01:51.863857,14,6.33,13.48,1,0.1
2026-07-23 23:01:51.863857,29,18.66,13.51,2,0.2
2026-07-24 00:01:51.863857,18,13.99,19.87,1,0.1
2026-07-24 01:01:51.863857,23,19.5,11.86,2,0.2
2026-07-24 02:01:51.863857,24,14.8,18.63,3,0.3
2026-07-24 03:01:51.863857,23,9.9,15.17,3,0.3
2026-07-24 04:01:51.863857,18,19.08,16.27,2,0.2
2026-07-24 05:01:51.863857,32,34.79,21.31,1,0.1
2026-07-24 06:01:51.863857,10,15.62,1.25,2,0.2
2026-07-24 07:01:51.863857,12,16.39,3.63,1,0.1
2026-07-24 08:01:51.863857,14,15.78,5.14,1,0.1
2026-07-24 09:01:51.863857,79,54.12,48.45,5,0.5
2026-07-24 10:01:51.863857,62,45.23,34.29,4,0.4
2026-07-24 11:01:51.863857,75,64.05,51.82,5,0.5
2026-07-24 12:01:51.863857,94,65.76,51.34,4,0.4
2026-07-24 13:01:51.863857,90,66.24,48.58,4,0.4
2026-07-24 14:01:51.863857,93,75.73,56.36,5,0.5
2026-07-24 15:01:51.863857,99,76.2,68.15,6,0.6
2026-07-24 16:01:51.863857,94,67.36,63.04,6,0.6
2026-07-24 17:01:51.863857,112,89.17,72.65,5,0.5
2026-07-24 18:01:51.863857,144,100.0,86.26,8,0.8
2026-07-24 19:01:51.863857,17,8.52,6.93,1,0.1
2026-07-24 20:01:51.863857,14,9.55,1.58,1,0.1
2026-07-24 21:01:51.863857,15,9.62,12.43,2,0.2
2026-07-24 22:01:51.863857,25,20.03,10.38,2,0.2
2026-07-24 23:01:51.863857,37,27.65,27.69,1,0.1
2026-07-25 00:01:51.863857,55,44.4,32.9,4,0.4
2026-07-25 01:01:51.863857,65,60.17,43.45,5,0.5
2026-07-25 02:01:51.863857,76,49.43,49.83,3,0.3
2026-07-25 03:01:51.863857,58,46.89,30.86,3,0.3
2026-07-25 04:01:51.863857,67,54.91,40.09,3,0.3
2026-07-25 05:01:51.863857,55,54.69,32.98,3,0.3
2026-07-25 06:01:51.863857,67,58.81,38.92,3,0.3
2026-07-25 07:01:51.863857,58,46.31,45.3,2,0.2
2026-07-25 08:01:51.863857,62,49.56,24.79,5,0.5
2026-07-25 09:01:51.863857,123,95.02,71.3,6,0.6
2026-07-25 10:01:51.863857,138,100.0,86.1,8,0.8
2026-07-25 11:01:51.863857,93,67.46,50.06,5,0.5
2026-07-25 12:01:51.863857,115,85.12,67.03,6,0.6
2026-07-25 13:01:51.863857,143,100.0,88.72,8,0.8
2026-07-25 14:01:51.863857,123,97.08,76.85,7,0.7
2026-07-25 15:01:51.863857,115,92.9,78.24,7,0.7
2026-07-25 16:01:51.863857,118,89.6,81.84,6,0.6
2026-07-25 17:01:51.863857,159,100.0,88.79,9,0.9
2026-07-25 18:01:51.863857,129,100.0,71.32,7,0.7
2026-07-25 19:01:51.863857,70,52.13,45.24,5,0.5
2026-07-25 20:01:51.863857,47,37.9,27.68,2,0.2
2026-07-25 21:01:51.863857,69,58.23,47.88,4,0.4
2026-07-25 22:01:51.863857,58,44.87,37.73,3,0.3
2026-07-25 23:01:51.863857,71,54.69,45.62,4,0.4
2026-07-26 00:01:51.863857,57,48.74,33.46,2,0.2
2026-07-26 01:01:51.863857,77,64.12,47.13,4,0.4
2026-07-26 02:01:51.863857,62,46.87,41.09,5,0.5
2026-07-26 03:01:51.863857,44,34.89,25.74,4,0.4
2026-07-26 04:01:51.863857,59,45.31,24.67,2,0.2
2026-07-26 05:01:51.863857,60,43.63,28.12,5,0.5
2026-07-26 06:01:51.863857,80,61.9,46.26,4,0.4
2026-07-26 07:01:51.863857,44,36.28,26.98,4,0.4
2026-07-26 08:01:51.863857,55,47.8,38.02,2,0.2
2026-07-26 09:01:51.863857,94,82.64,60.77,6,0.6
2026-07-26 10:01:51.863857,132,100.0,76.35,7,0.7
2026-07-26 11:01:51.863857,133,100.0,80.33,8,0.8
2026-07-26 12:01:51.863857,83,68.26,43.95,6,0.6
2026-07-26 13:01:51.863857,125,100.0,73.61,8,0.8
2026-07-26 14:01:51.863857,142,100.0,89.81,7,0.7
2026-07-26 15:01:51.863857,109,78.04,61.92,5,0.5
2026-07-26 16:01:51.863857,109,86.01,63.39,7,0.7
2026-07-26 17:01:51.863857,93,68.11,54.61,4,0.4
2026-07-26 18:01:51.863857,129,100.0,81.16,8,0.8
2026-07-26 19:01:51.863857,52,46.14,27.08,2,0.2
2026-07-26 20:01:51.863857,49,35.84,30.96,3,0.3
2026-07-26 21:01:51.863857,54,44.98,32.68,4,0.4
2026-07-26 22:01:51.863857,48,33.17,32.55,2,0.2
2026-07-26 23:01:51.863857,42,34.21,27.84,2,0.2
2026-07-27 00:01:51.863857,35,26.88,25.94,1,0.1
2026-07-27 01:01:51.863857,22,9.18,15.1,1,0.1
2026-07-27 02:01:51.863857,21,21.75,9.8,3,0.3
2026-07-27 03:01:51.863857,17,16.16,12.03,1,0.1
2026-07-27 04:01:51.863857,22,14.03,10.81,1,0.1
2026-07-27 05:01:51.863857,21,21.87,8.58,1,0.1
2026-07-27 06:01:51.863857,18,13.89,13.84,1,0.1
2026-07-27 07:01:51.863857,37,26.97,24.82,3,0.3
2026-07-27 08:01:51.863857,32,25.7,21.26,3,0.3
2026-07-27 09:01:51.863857,97,81.04,60.69,6,0.6
2026-07-27 10:01:51.863857,91,80.58,55.03,5,0.5
2026-07-27 11:01:51.863857,75,63.44,39.19,4,0.4
2026-07-27 12:01:51.863857,62,53.22,35.77,5,0.5
2026-07-27 13:01:51.863857,65,48.17,33.26,5,0.5
2026-07-27 14:01:51.863857,77,63.39,56.27,4,0.4
2026-07-27 15:01:51.863857,146,100.0,88.76,8,0.8
2026-07-27 16:01:51.863857,78,57.69,50.32,4,0.4
2026-07-27 17:01:51.863857,101,84.95,65.6,6,0.6
2026-07-27 18:01:51.863857,92,68.31,50.8,4,0.4
2026-07-27 19:01:51.863857,18,20.76,14.81,1,0.1
2026-07-27 20:01:51.863857,36,26.15,19.59,3,0.3
2026-07-27 21:01:51.863857,30,22.9,15.42,2,0.2
2026-07-27 22:01:51.863857,23,23.07,6.89,1,0.1
2026-07-27 23:01:51.863857,37,23.92,20.89,2,0.2
2026-07-28 00:01:51.863857,28,19.31,13.54,1,0.1
2026-07-28 01:01:51.863857,36,30.97,22.07,3,0.3
2026-07-28 02:01:51.863857,32,18.5,18.55,1,0.1
2026-07-28 03:01:51.863857,25,24.91,5.04,2,0.2
2026-07-28 04:01:51.863857,11,17.61,0.55,2,0.2
2026-07-28 05:01:51.863857,12,12.51,7.83,1,0.1
2026-07-28 06:01:51.863857,17,12.93,8.65,1,0.1
2026-07-28 07:01:51.863857,18,16.79,15.96,1,0.1
2026-07-28 08:01:51.863857,16,12.79,16.03,1,0.1
2026-07-28 09:01:51.863857,89,67.76,52.86,6,0.6
2026-07-28 10:01:51.863857,83,53.33,49.65,5,0.5
2026-07-28 11:01:51.863857,83,60.34,51.86,4,0.4
2026-07-28 12:01:51.863857,74,63.99,38.28,3,0.3
2026-07-28 13:01:51.863857,107,84.84,53.75,5,0.5
2026-07-28 14:01:51.863857,63,46.85,43.26,3,0.3
2026-07-28 15:01:51.863857,60,53.36,42.63,4,0.4
2026-07-28 16:01:51.863857,69,48.76,44.91,5,0.5
2026-07-28 17:01:51.863857,80,63.81,48.68,6,0.6
2026-07-28 18:01:51.863857,77,66.03,39.47,3,0.3
2026-07-28 19:01:51.863857,10,-2.65,11.62,1,0.1
2026-07-28 20:01:51.863857,20,23.02,14.92,1,0.1
2026-07-28 21:01:51.863857,10,8.63,2.87,2,0.2
2026-07-28 22:01:51.863857,39,26.36,20.57,2,0.2
2026-07-28 23:01:51.863857,31,16.85,18.51,1,0.1
2026-07-29 00:01:51.863857,19,15.86,8.65,2,0.2
2026-07-29 01:01:51.863857,39,36.61,22.09,2,0.2
2026-07-29 02:01:51.863857,19,13.79,-0.85,2,0.2
2026-07-29 03:01:51.863857,16,17.44,6.06,2,0.2
2026-07-29 04:01:51.863857,37,26.71,19.02,2,0.2
2026-07-29 05:01:51.863857,16,19.82,7.43,2,0.2
2026-07-29 06:01:51.863857,27,24.34,14.23,2,0.2
2026-07-29 07:01:51.863857,31,20.14,27.89,1,0.1
2026-07-29 08:01:51.863857,31,22.72,12.73,1,0.1
2026-07-29 09:01:51.863857,90,70.24,58.92,5,0.5
2026-07-29 10:01:51.863857,85,69.48,55.53,6,0.6
2026-07-29 11:01:51.863857,71,59.34,49.32,3,0.3
2026-07-29 12:01:51.863857,66,56.22,36.64,3,0.3
2026-07-29 13:01:51.863857,84,70.78,45.38,4,0.4
2026-07-29 14:01:51.863857,96,77.3,60.66,6,0.6
2026-07-29 15:01:51.863857,77,65.54,46.41,4,0.4
2026-07-29 16:01:51.863857,61,50.72,26.49,3,0.3
2026-07-29 17:01:51.863857,82,67.36,55.26,5,0.5
2026-07-29 18:01:51.863857,69,60.84,49.53,4,0.4
2026-07-29 19:01:51.863857,38,24.18,25.98,1,0.1
2026-07-29 20:01:51.863857,36,27.34,23.95,2,0.2
2026-07-29 21:01:51.863857,29,26.47,20.23,2,0.2
2026-07-29 22:01:51.863857,29,26.34,18.67,3,0.3
2026-07-29 23:01:51.863857,33,27.91,19.86,2,0.2
2026-07-30 00:01:51.863857,12,3.39,4.34,2,0.2
2026-07-30 01:01:51.863857,26,15.06,11.51,3,0.3
2026-07-30 02:01:51.863857,37,33.12,27.17,3,0.3
2026-07-30 03:01:51.863857,10,8.09,18.38,1,0.1
2026-07-30 04:01:51.863857,35,23.92,16.13,1,0.1
2026-07-30 05:01:51.863857,23,11.78,16.37,3,0.3
2026-07-30 06:01:51.863857,28,28.16,14.08,1,0.1
2026-07-30 07:01:51.863857,30,24.28,15.49,1,0.1
2026-07-30 08:01:51.863857,39,28.89,14.79,3,0.3
2026-07-30 09:01:51.863857,90,62.14,59.88,4,0.4
2026-07-30 10:01:51.863857,102,74.57,63.81,6,0.6
2026-07-30 11:01:51.863857,68,52.95,46.95,3,0.3
2026-07-30 12:01:51.863857,63,45.05,31.85,5,0.5
2026-07-30 13:01:51.863857,79,62.51,47.42,5,0.5
2026-07-30 14:01:51.863857,65,49.09,28.97,3,0.3
2026-07-30 15:01:51.863857,82,65.35,45.61,5,0.5
2026-07-30 16:01:51.863857,93,70.56,54.45,5,0.5
2026-07-30 17:01:51.863857,84,69.68,45.08,6,0.6
2026-07-30 18:01:51.863857,62,44.63,36.37,5,0.5
2026-07-30 19:01:51.863857,14,7.47,11.76,2,0.2
2026-07-30 20:01:51.863857,17,14.92,3.37,1,0.1
2026-07-30 21:01:51.863857,25,13.63,20.98,1,0.1
2026-07-30 22:01:51.863857,37,25.29,28.99,3,0.3
2026-07-30 23:01:51.863857,20,13.17,1.16,3,0.3
2026-07-31 00:01:51.863857,30,25.27,17.86,2,0.2
2026-07-31 01:01:51.863857,21,22.92,27.35,1,0.1
2026-07-31 02:01:51.863857,31,20.64,6.48,2,0.2
2026-07-31 03:01:51.863857,12,1.86,11.36,1,0.1
2026-07-31 04:01:51.863857,11,-1.39,6.92,1,0.1
2026-07-31 05:01:51.863857,20,12.53,7.83,2,0.2
2026-07-31 06:01:51.863857,23,19.84,12.95,1,0.1
2026-07-31 07:01:51.863857,19,5.46,9.08,1,0.1
2026-07-31 08:01:51.863857,25,18.34,5.78,1,0.1
2026-07-31 09:01:51.863857,79,71.22,51.84,3,0.3
2026-07-31 10:01:51.863857,81,71.51,47.25,6,0.6
2026-07-31 11:01:51.863857,94,71.92,61.54,6,0.6
2026-07-31 12:01:51.863857,93,73.01,51.31,5,0.5
2026-07-31 13:01:51.863857,87,73.52,55.66,4,0.4
2026-07-31 14:01:51.863857,75,63.2,48.28,5,0.5
2026-07-31 15:01:51.863857,88,75.02,52.25,5,0.5
2026-07-31 16:01:51.863857,68,54.28,37.09,4,0.4
2026-07-31 17:01:51.863857,82,62.3,45.3,4,0.4
2026-07-31 18:01:51.863857,68,47.11,49.43,4,0.4
2026-07-31 19:01:51.863857,37,29.96,23.71,3,0.3
2026-07-31 20:01:51.863857,23,21.72,16.56,3,0.3
2026-07-31 21:01:51.863857,33,17.29,21.18,2,0.2
2026-07-31 22:01:51.863857,38,37.15,18.14,2,0.2
2026-07-31 23:01:51.863857,30,22.96,15.32,2,0.2
2026-08-01 00:01:51.863857,63,50.71,36.13,4,0.4
2026-08-01 01:01:51.863857,99,79.79,63.45,5,0.5
2026-08-01 02:01:51.863857,53,38.3,27.73,4,0.4
2026-08-01 03:01:51.863857,60,42.98,34.1,4,0.4
2026-08-01 04:01:51.863857,66,43.97,37.1,3,0.3
2026-08-01 05:01:51.863857,75,60.71,42.07,5,0.5
2026-08-01 06:01:51.863857,69,61.79,43.95,4,0.4
2026-08-01 07:01:51.863857,59,42.99,43.59,3,0.3
2026-08-01 08:01:51.863857,79,71.68,46.82,5,0.5
2026-08-01 09:01:51.863857,131,100.0,79.87,6,0.6
2026-08-01 10:01:51.863857,130,100.0,82.26,7,0.7
2026-08-01 11:01:51.863857,89,72.44,52.07,5,0.5
2026-08-01 12:01:51.863857,120,94.66,74.66,6,0.6
2026-08-01 13:01:51.863857,95,70.22,44.15,5,0.5
2026-08-01 14:01:51.863857,133,100.0,76.85,6,0.6
2026-08-01 15:01:51.863857,108,90.77,67.14,7,0.7
2026-08-01 16:01:51.863857,118,94.08,71.83,5,0.5
2026-08-01 17:01:51.863857,118,93.51,66.54,7,0.7
2026-08-01 18:01:51.863857,196,100.0,100.0,10,1.0
2026-08-01 19:01:51.863857,86,67.77,58.93,4,0.4
2026-08-01 20:01:51.863857,71,53.39,40.02,3,0.3
2026-08-01 21:01:51.863857,65,50.65,37.45,4,0.4
2026-08-01 22:01:51.863857,40,43.04,20.43,3,0.3
2026-08-01 23:01:51.863857,72,49.6,46.73,5,0.5
2026-08-02 00:01:51.863857,33,25.16,14.89,3,0.3
2026-08-02 01:01:51.863857,61,62.44,29.78,5,0.5
2026-08-02 02:01:51.863857,45,37.93,32.09,3,0.3
2026-08-02 03:01:51.863857,36,21.54,17.56,2,0.2
2026-08-02 04:01:51.863857,71,54.68,37.7,5,0.5
2026-08-02 05:01:51.863857,35,26.6,28.49,3,0.3
2026-08-02 06:01:51.863857,43,25.87,29.07,4,0.4
2026-08-02 07:01:51.863857,59,44.76,36.92,2,0.2
2026-08-02 08:01:51.863857,109,84.97,70.23,7,0.7
2026-08-02 09:01:51.863857,169,100.0,88.81,8,0.8
2026-08-02 10:01:51.863857,98,65.56,51.7,5,0.5
2026-08-02 11:01:51.863857,173,100.0,100.0,10,1.0
2026-08-02 12:01:51.863857,107,87.3,66.06,5,0.5
2026-08-02 13:01:51.863857,80,57.25,42.11,6,0.6
2026-08-02 14:01:51.863857,94,66.25,62.72,5,0.5
2026-08-02 15:01:51.863857,112,90.41,73.63,6,0.6
2026-08-02 16:01:51.863857,104,82.6,59.57,6,0.6
2026-08-02 17:01:51.863857,115,88.32,58.38,5,0.5
2026-08-02 18:01:51.863857,122,90.94,71.06,6,0.6
2026-08-02 19:01:51.863857,50,47.6,30.06,3,0.3
2026-08-02 20:01:51.863857,73,54.66,41.13,5,0.5
2026-08-02 21:01:51.863857,71,51.82,42.47,4,0.4
2026-08-02 22:01:51.863857,79,58.39,45.75,5,0.5
2026-08-02 23:01:51.863857,52,39.97,42.07,3,0.3
2026-08-03 00:01:51.863857,20,11.22,10.22,1,0.1
2026-08-03 01:01:51.863857,13,8.87,-1.63,1,0.1
2026-08-03 02:01:51.863857,37,29.77,27.79,3,0.3
2026-08-03 03:01:51.863857,19,15.69,16.54,2,0.2
2026-08-03 04:01:51.863857,28,20.24,10.14,3,0.3
2026-08-03 05:01:51.863857,39,33.59,30.78,2,0.2
2026-08-03 06:01:51.863857,21,13.98,15.75,1,0.1
2026-08-03 07:01:51.863857,13,8.08,8.36,1,0.1
2026-08-03 08:01:51.863857,27,23.13,4.36,1,0.1
2026-08-03 09:01:51.863857,99,73.6,64.16,4,0.4
2026-08-03 10:01:51.863857,93,85.05,56.53,5,0.5
2026-08-03 11:01:51.863857,63,49.46,39.88,3,0.3
2026-08-03 12:01:51.863857,71,63.4,45.84,4,0.4
2026-08-03 13:01:51.863857,60,49.13,35.11,4,0.4
2026-08-03 14:01:51.863857,81,59.88,51.21,6,0.6
2026-08-03 15:01:51.863857,76,61.23,44.59,4,0.4
2026-08-03 16:01:51.863857,86,72.05,51.96,4,0.4
2026-08-03 17:01:51.863857,84,71.95,47.0,5,0.5
2026-08-03 18:01:51.863857,84,74.97,44.93,6,0.6
2026-08-03 19:01:51.863857,23,13.55,13.89,2,0.2
2026-08-03 20:01:51.863857,16,2.67,11.7,1,0.1
2026-08-03 21:01:51.863857,20,11.8,10.78,2,0.2
2026-08-03 22:01:51.863857,21,12.86,1.04,2,0.2
2026-08-03 23:01:51.863857,33,27.65,22.96,3,0.3
2026-08-04 00:01:51.863857,11,10.52,8.36,1,0.1
2026-08-04 01:01:51.863857,12,15.15,9.68,2,0.2
2026-08-04 02:01:51.863857,32,31.67,23.48,2,0.2
2026-08-04 03:01:51.863857,27,21.58,17.31,3,0.3
2026-08-04 04:01:51.863857,10,1.83,10.09,1,0.1
2026-08-04 05:01:51.863857,10,3.7,4.89,2,0.2
2026-08-04 06:01:51.863857,13,9.98,9.66,1,0.1
2026-08-04 07:01:51.863857,15,11.52,13.37,2,0.2
2026-08-04 08:01:51.863857,31,26.56,17.53,2,0.2
2026-08-04 09:01:51.863857,65,47.04,34.6,3,0.3
2026-08-04 10:01:51.863857,87,75.64,47.71,5,0.5
2026-08-04 11:01:51.863857,93,82.7,61.59,5,0.5
2026-08-04 12:01:51.863857,93,69.9,54.24,5,0.5
2026-08-04 13:01:51.863857,76,66.16,46.98,5,0.5
2026-08-04 14:01:51.863857,89,68.46,56.37,4,0.4
2026-08-04 15:01:51.863857,96,82.08,49.43,6,0.6
2026-08-04 16:01:51.863857,77,58.49,41.49,3,0.3
2026-08-04 17:01:51.863857,97,78.57,60.1,5,0.5
2026-08-04 18:01:51.863857,80,65.68,49.82,6,0.6
2026-08-04 19:01:51.863857,15,16.3,3.52,2,0.2
2026-08-04 20:01:51.863857,30,19.93,14.95,1,0.1
2026-08-04 21:01:51.863857,14,22.37,6.84,1,0.1
2026-08-04 22:01:51.863857,78,55.47,40.71,3,0.3
2026-08-04 23:01:51.863857,33,18.96,20.8,3,0.3
2026-08-05 00:01:51.863857,24,20.23,19.62,3,0.3
2026-08-05 01:01:51.863857,15,8.23,4.69,1,0.1
2026-08-05 02:01:51.863857,35,24.21,29.07,1,0.1
2026-08-05 03:01:51.863857,26,15.88,17.1,1,0.1
2026-08-05 04:01:51.863857,25,23.02,21.35,1,0.1
2026-08-05 05:01:51.863857,22,20.8,6.62,2,0.2
2026-08-05 06:01:51.863857,14,3.83,11.58,2,0.2
2026-08-05 07:01:51.863857,12,5.98,7.83,1,0.1
2026-08-05 08:01:51.863857,27,25.24,20.12,3,0.3
2026-08-05 09:01:51.863857,61,46.91,37.4,4,0.4
2026-08-05 10:01:51.863857,85,67.72,53.71,4,0.4
2026-08-05 11:01:51.863857,85,64.91,52.03,4,0.4
2026-08-05 12:01:51.863857,63,57.05,36.1,4,0.4
2026-08-05 13:01:51.863857,66,53.23,31.67,5,0.5
2026-08-05 14:01:51.863857,78,58.9,39.14,5,0.5
2026-08-05 15:01:51.863857,79,65.24,46.9,5,0.5
2026-08-05 16:01:51.863857,60,46.82,25.74,5,0.5
2026-08-05 17:01:51.863857,70,55.0,42.8,4,0.4
2026-08-05 18:01:51.863857,77,71.07,53.04,5,0.5
2026-08-05 19:01:51.863857,38,35.05,17.56,1,0.1
2026-08-05 20:01:51.863857,25,14.62,18.53,3,0.3
2026-08-05 21:01:51.863857,47,34.56,30.23,4,0.4
2026-08-05 22:01:51.863857,30,16.64,16.9,2,0.2
2026-08-05 23:01:51.863857,11,9.33,9.77,1,0.1
2026-08-06 00:01:51.863857,21,15.86,14.64,2,0.2
2026-08-06 01:01:51.863857,33,28.13,23.1,3,0.3
2026-08-06 02:01:51.863857,35,22.93,15.5,3,0.3
2026-08-06 03:01:51.863857,17,9.84,14.72,1,0.1
2026-08-06 04:01:51.863857,18,18.03,11.71,1,0.1
2026-08-06 05:01:51.863857,24,15.91,14.87,3,0.3
2026-08-06 06:01:51.863857,27,20.46,11.39,1,0.1
2026-08-06 07:01:51.863857,22,17.11,10.61,1,0.1
2026-08-06 08:01:51.863857,37,29.88,17.57,1,0.1
2026-08-06 09:01:51.863857,63,43.96,30.72,5,0.5
2026-08-06 10:01:51.863857,62,61.01,30.15,5,0.5
2026-08-06 11:01:51.863857,99,83.31,67.69,4,0.4
2026-08-06 12:01:51.863857,73,54.25,53.63,5,0.5
2026-08-06 13:01:51.863857,83,69.63,54.09,5,0.5
2026-08-06 14:01:51.863857,77,67.31,44.48,5,0.5
2026-08-06 15:01:51.863857,94,69.62,52.92,4,0.4
2026-08-06 16:01:51.863857,87,67.94,56.13,6,0.6
2026-08-06 17:01:51.863857,80,57.89,48.27,4,0.4
2026-08-06 18:01:51.863857,94,79.07,59.74,5,0.5
2026-08-06 19:01:51.863857,37,37.48,18.01,1,0.1
2026-08-06 20:01:51.863857,20,17.8,8.58,2,0.2
2026-08-06 21:01:51.863857,39,29.94,19.89,1,0.1
2026-08-06 22:01:51.863857,38,23.77,24.95,3,0.3
2026-08-06 23:01:51.863857,22,21.48,20.92,1,0.1
2026-08-07 00:01:51.863857,28,23.46,18.59,3,0.3
2026-08-07 01:01:51.863857,24,18.8,15.37,3,0.3
2026-08-07 02:01:51.863857,18,11.31,15.03,1,0.1
2026-08-07 03:01:51.863857,28,12.56,9.45,2,0.2
2026-08-07 04:01:51.863857,25,22.51,17.68,3,0.3
2026-08-07 05:01:51.863857,22,22.82,13.93,2,0.2
2026-08-07 06:01:51.863857,36,35.8,24.7,2,0.2
2026-08-07 07:01:51.863857,27,17.17,14.32,2,0.2
2026-08-07 08:01:51.863857,23,20.89,13.96,3,0.3
2026-08-07 09:01:51.863857,91,71.82,58.75,5,0.5
2026-08-07 10:01:51.863857,88,70.55,51.31,4,0.4
2026-08-07 11:01:51.863857,77,54.74,46.93,3,0.3
2026-08-07 12:01:51.863857,73,49.98,47.45,4,0.4
2026-08-07 13:01:51.863857,73,59.43,49.85,4,0.4
2026-08-07 14:01:51.863857,63,47.15,35.54,3,0.3
2026-08-07 15:01:51.863857,85,69.62,62.58,5,0.5
2026-08-07 16:01:51.863857,79,70.75,48.72,3,0.3
2026-08-07 17:01:51.863857,84,67.73,46.42,4,0.4
2026-08-07 18:01:51.863857,81,68.63,55.03,5,0.5
2026-08-07 19:01:51.863857,16,14.92,16.77,2,0.2
2026-08-07 20:01:51.863857,30,26.84,9.67,3,0.3
2026-08-07 21:01:51.863857,22,16.89,9.09,2,0.2
2026-08-07 22:01:51.863857,30,28.34,18.24,3,0.3
2026-08-07 23:01:51.863857,84,72.37,49.46,4,0.4
2026-08-08 00:01:51.863857,46,27.59,28.86,2,0.2
2026-08-08 01:01:51.863857,48,33.0,24.83,2,0.2
2026-08-08 02:01:51.863857,43,34.99,20.6,4,0.4
2026-08-08 03:01:51.863857,74,56.77,42.41,5,0.5
2026-08-08 04:01:51.863857,71,62.23,44.14,4,0.4
2026-08-08 05:01:51.863857,74,60.83,35.91,4,0.4
2026-08-08 06:01:51.863857,72,58.98,37.19,3,0.3
2026-08-08 07:01:51.863857,59,50.07,33.98,2,0.2
2026-08-08 08:01:51.863857,61,52.88,25.08,5,0.5
2026-08-08 09:01:51.863857,159,100.0,87.78,7,0.7
2026-08-08 10:01:51.863857,97,83.52,61.75,4,0.4
2026-08-08 11:01:51.863857,128,100.0,75.32,7,0.7
2026-08-08 12:01:51.863857,102,83.08,61.67,6,0.6
2026-08-08 13:01:51.863857,111,82.45,68.06,5,0.5
2026-08-08 14:01:51.863857,107,88.42,65.76,5,0.5
2026-08-08 15:01:51.863857,140,100.0,85.55,8,0.8
2026-08-08 16:01:51.863857,128,97.9,80.66,8,0.8
2026-08-08 17:01:51.863857,134,100.0,83.46,6,0.6
2026-08-08 18:01:51.863857,112,73.39,64.49,5,0.5
2026-08-08 19:01:51.863857,33,22.89,22.79,3,0.3
2026-08-08 20:01:51.863857,57,38.51,33.78,4,0.4
2026-08-08 21:01:51.863857,63,52.51,35.0,4,0.4
2026-08-08 22:01:51.863857,61,54.18,38.17,5,0.5
2026-08-08 23:01:51.863857,68,54.54,46.14,3,0.3
2026-08-09 00:01:51.863857,79,63.86,52.86,5,0.5
2026-08-09 01:01:51.863857,75,52.95,47.24,3,0.3
2026-08-09 02:01:51.863857,56,43.19,37.39,3,0.3
2026-08-09 03:01:51.863857,60,53.45,33.89,4,0.4
2026-08-09 04:01:51.863857,62,46.41,35.34,5,0.5
2026-08-09 05:01:51.863857,84,63.65,45.42,4,0.4
2026-08-09 06:01:51.863857,53,44.02,26.82,4,0.4
2026-08-09 07:01:51.863857,52,40.56,32.36,4,0.4
2026-08-09 08:01:51.863857,64,50.49,41.44,3,0.3
2026-08-09 09:01:51.863857,129,98.97,78.15,6,0.6
2026-08-09 10:01:51.863857,119,100.0,70.74,6,0.6
2026-08-09 11:01:51.863857,98,80.38,52.74,4,0.4
2026-08-09 12:01:51.863857,117,87.18,74.84,6,0.6
2026-08-09 13:01:51.863857,120,100.0,77.47,7,0.7
2026-08-09 14:01:51.863857,141,100.0,85.81,7,0.7
2026-08-09 15:01:51.863857,124,100.0,76.48,8,0.8
2026-08-09 16:01:51.863857,127,95.59,76.58,7,0.7
2026-08-09 17:01:51.863857,95,78.51,61.76,4,0.4
2026-08-09 18:01:51.863857,103,84.8,65.38,6,0.6
2026-08-09 19:01:51.863857,57,47.12,34.66,2,0.2
2026-08-09 20:01:51.863857,49,32.06,32.04,4,0.4
2026-08-09 21:01:51.863857,57,40.2,32.51,3,0.3
2026-08-09 22:01:51.863857,37,30.81,19.23,1,0.1
2026-08-09 23:01:51.863857,46,31.38,30.68,4,0.4
2026-08-10 00:01:51.863857,10,9.38,3.83,1,0.1
2026-08-10 01:01:51.863857,34,28.02,22.45,2,0.2
2026-08-10 02:01:51.863857,25,32.13,12.36,3,0.3
2026-08-10 03:01:51.863857,25,15.57,11.13,1,0.1
2026-08-10 04:01:51.863857,22,23.9,13.88,2,0.2
2026-08-10 05:01:51.863857,39,25.24,19.87,1,0.1
2026-08-10 06:01:51.863857,24,16.7,19.58,1,0.1
2026-08-10 07:01:51.863857,24,16.21,21.09,2,0.2
2026-08-10 08:01:51.863857,47,33.49,26.78,3,0.3
2026-08-10 09:01:51.863857,88,72.41,55.57,4,0.4
2026-08-10 10:01:51.863857,67,51.03,46.91,4,0.4
2026-08-10 11:01:51.863857,64,54.07,34.3,3,0.3
2026-08-10 12:01:51.863857,79,58.24,44.83,3,0.3
2026-08-10 13:01:51.863857,84,78.32,50.85,4,0.4
2026-08-10 14:01:51.863857,81,64.72,50.01,5,0.5
2026-08-10 15:01:51.863857,60,37.99,33.6,4,0.4
2026-08-10 16:01:51.863857,83,64.67,49.43,4,0.4
2026-08-10 17:01:51.863857,81,62.3,39.8,6,0.6
2026-08-10 18:01:51.863857,66,53.2,36.58,5,0.5
2026-08-10 19:01:51.863857,14,13.47,11.16,1,0.1
2026-08-10 20:01:51.863857,30,23.41,20.51,1,0.1
2026-08-10 21:01:51.863857,10,9.55,6.31,1,0.1
2026-08-10 22:01:51.863857,10,7.25,-6.83,1,0.1
2026-08-10 23:01:51.863857,10,5.8,14.95,1,0.1
2026-08-11 00:01:51.863857,22,17.68,14.97,1,0.1
2026-08-11 01:01:51.863857,15,-0.57,13.56,1,0.1
2026-08-11 02:01:51.863857,12,11.34,6.15,1,0.1
2026-08-11 03:01:51.863857,13,14.9,4.73,1,0.1
2026-08-11 04:01:51.863857,36,25.71,9.95,3,0.3
2026-08-11 05:01:51.863857,50,48.9,36.38,4,0.4
2026-08-11 06:01:51.863857,36,31.37,24.85,1,0.1
2026-08-11 07:01:51.863857,25,26.58,10.49,3,0.3
2026-08-11 08:01:51.863857,36,23.23,30.21,2,0.2
2026-08-11 09:01:51.863857,61,46.07,35.68,5,0.5
2026-08-11 10:01:51.863857,91,83.29,56.11,4,0.4
2026-08-11 11:01:51.863857,95,79.05,48.21,6,0.6
2026-08-11 12:01:51.863857,94,76.97,66.74,6,0.6
2026-08-11 13:01:51.863857,75,59.32,51.41,3,0.3
2026-08-11 14:01:51.863857,83,64.88,47.08,5,0.5
2026-08-11 15:01:51.863857,98,81.85,56.85,4,0.4
2026-08-11 16:01:51.863857,62,45.48,34.34,3,0.3
2026-08-11 17:01:51.863857,83,70.38,49.95,5,0.5
2026-08-11 18:01:51.863857,73,48.85,38.62,3,0.3
2026-08-11 19:01:51.863857,21,21.99,16.59,1,0.1
2026-08-11 20:01:51.863857,12,10.8,4.43,1,0.1
2026-08-11 21:01:51.863857,23,18.94,7.92,3,0.3
2026-08-11 22:01:51.863857,36,27.79,15.96,1,0.1
2026-08-11 23:01:51.863857,18,13.19,12.17,2,0.2
2026-08-12 00:01:51.863857,30,30.2,22.23,2,0.2
2026-08-12 01:01:51.863857,63,34.63,40.29,5,0.5
2026-08-12 02:01:51.863857,16,10.04,6.17,1,0.1
2026-08-12 03:01:51.863857,26,24.49,12.74,3,0.3
2026-08-12 04:01:51.863857,32,33.9,17.01,1,0.1
2026-08-12 05:01:51.863857,18,8.6,9.84,1,0.1
2026-08-12 06:01:51.863857,22,18.58,11.31,3,0.3
2026-08-12 07:01:51.863857,61,46.05,34.21,5,0.5
2026-08-12 08:01:51.863857,38,26.81,26.1,1,0.1
